Mutation	ID	Free Energy (kcal/mol)
C_del_at_34	0.a3m	63.8464
T_del_at_586	100.a3m	111.151
C_del_at_526	101.a3m	117.699
T_del_at_318	102.a3m	68.8033
T_del_at_427	103.a3m	128.215
G_del_at_508	104.a3m	104.473
T_del_at_186	105.a3m	149.319
G_del_at_405	106.a3m	161.317
C_del_at_469	107.a3m	122.939
A_del_at_263	108.a3m	111.553
C_del_at_595	109.a3m	98.4899
A_del_at_475	10.a3m	112.515
C_del_at_529	110.a3m	119.715
T_del_at_120	111.a3m	27.7599
T_del_at_210	112.a3m	138.544
A_del_at_589	113.a3m	110.854
C_del_at_505	114.a3m	107.562
C_del_at_284	115.a3m	99.4451
G_del_at_639	116.a3m	135.107
C_del_at_520	117.a3m	108.546
A_del_at_536	118.a3m	128.28
A_del_at_192	119.a3m	129.721
G_del_at_415	11.a3m	159.352
A_del_at_319	120.a3m	59.2903
A_del_at_82	121.a3m	41.7596
G_del_at_230	122.a3m	112.946
T_del_at_365	123.a3m	242.405
A_del_at_581	124.a3m	105.509
T_del_at_468	125.a3m	118.267
G_del_at_199	126.a3m	182.4
A_del_at_518	127.a3m	121.784
C_del_at_437	128.a3m	140.377
T_del_at_45	129.a3m	59.467
G_del_at_597	12.a3m	122.962
C_del_at_234	130.a3m	108.624
C_del_at_297	131.a3m	94.1753
C_del_at_531	132.a3m	122.696
G_del_at_144	133.a3m	167.854
C_del_at_601	134.a3m	96.4349
G_del_at_459	135.a3m	111.682
C_del_at_371	136.a3m	204.308
G_del_at_196	137.a3m	131.55
G_del_at_146	138.a3m	130.116
A_del_at_567	139.a3m	110.999
T_del_at_162	13.a3m	151.922
A_del_at_467	140.a3m	108.562
T_del_at_32	141.a3m	67.6703
T_del_at_4	142.a3m	60.1641
A_del_at_633	143.a3m	121.982
T_del_at_89	144.a3m	32.479
C_del_at_134	145.a3m	145.754
T_del_at_626	146.a3m	122.845
C_del_at_515	147.a3m	107.19
C_del_at_451	148.a3m	126.633
G_del_at_226	149.a3m	116.39
C_del_at_269	14.a3m	100.159
T_del_at_83	150.a3m	35.2589
G_del_at_512	151.a3m	108.318
C_del_at_571	152.a3m	111.628
T_del_at_237	153.a3m	112.239
C_del_at_358	154.a3m	240.119
C_del_at_58	155.a3m	57.0342
C_del_at_176	156.a3m	139.578
C_del_at_432	157.a3m	142.558
T_del_at_576	158.a3m	98.0813
A_del_at_554	159.a3m	126.956
G_del_at_379	15.a3m	200.044
C_del_at_178	160.a3m	154.506
C_del_at_68	161.a3m	62.5028
A_del_at_635	162.a3m	121.903
A_del_at_644	163.a3m	118.59
C_del_at_271	164.a3m	95.9065
G_del_at_440	165.a3m	122.501
G_del_at_200	166.a3m	171.216
C_del_at_336	167.a3m	64.665
A_del_at_407	168.a3m	159.393
G_del_at_434	169.a3m	146.474
C_del_at_170	16.a3m	160.988
C_del_at_592	170.a3m	123.905
A_del_at_570	171.a3m	107.195
C_del_at_51	172.a3m	57.5968
C_del_at_66	173.a3m	54.5438
G_del_at_214	174.a3m	107.074
A_del_at_104	175.a3m	26.5564
G_del_at_521	176.a3m	111.923
G_del_at_342	177.a3m	237.166
A_del_at_402	178.a3m	187.621
G_del_at_149	179.a3m	146.541
A_del_at_582	17.a3m	106.73
G_del_at_115	180.a3m	31.462
C_del_at_37	181.a3m	58.2324
C_del_at_181	182.a3m	140.651
C_del_at_609	183.a3m	104.751
C_del_at_150	184.a3m	162.167
C_del_at_373	185.a3m	194.908
T_del_at_412	186.a3m	134.903
T_del_at_251	187.a3m	114.598
G_del_at_126	188.a3m	143.463
T_del_at_278	189.a3m	94.9066
C_del_at_101	18.a3m	28.6583
C_del_at_24	190.a3m	59.8179
T_del_at_221	191.a3m	114.678
A_del_at_566	192.a3m	114.098
A_del_at_35	193.a3m	78.4125
C_del_at_72	194.a3m	56.3529
T_del_at_299	195.a3m	96.6041
C_del_at_352	196.a3m	270.975
G_del_at_265	197.a3m	98.8116
G_del_at_337	198.a3m	65.0616
G_del_at_252	199.a3m	121.2
A_del_at_137	19.a3m	158.578
C_del_at_56	1.a3m	63.0043
A_del_at_631	200.a3m	147.191
A_del_at_462	201.a3m	122.2
T_del_at_527	202.a3m	105.508
G_del_at_630	203.a3m	145.425
G_del_at_486	204.a3m	105.257
A_del_at_603	205.a3m	105.783
C_del_at_166	206.a3m	145.225
A_del_at_88	207.a3m	36.7348
G_del_at_430	208.a3m	147.824
C_del_at_490	209.a3m	116.005
G_del_at_60	20.a3m	52.671
T_del_at_625	210.a3m	120.154
C_del_at_184	211.a3m	151.118
C_del_at_175	212.a3m	136.69
C_del_at_208	213.a3m	142.19
A_del_at_275	214.a3m	103.102
C_del_at_303	215.a3m	87.0666
G_del_at_422	216.a3m	142.434
C_del_at_57	217.a3m	53.7001
A_del_at_494	218.a3m	110.477
G_del_at_281	219.a3m	95.5776
T_del_at_49	21.a3m	71.1168
A_del_at_522	220.a3m	114.571
G_del_at_79	221.a3m	51.6378
A_del_at_584	222.a3m	109.598
G_del_at_211	223.a3m	136.36
G_del_at_105	224.a3m	29.5579
G_del_at_163	225.a3m	147.117
T_del_at_30	226.a3m	67.9679
A_del_at_245	227.a3m	87.2105
A_del_at_229	228.a3m	124.629
A_del_at_514	229.a3m	118.928
G_del_at_578	22.a3m	104.686
T_del_at_316	230.a3m	73.3309
C_del_at_173	231.a3m	157.693
T_del_at_7	232.a3m	59.3597
G_del_at_99	233.a3m	28.1964
C_del_at_345	234.a3m	224.071
C_del_at_18	235.a3m	55.2129
G_del_at_96	236.a3m	29.8977
C_del_at_75	237.a3m	59.4601
C_del_at_103	238.a3m	31.3849
C_del_at_493	239.a3m	106.014
A_del_at_243	23.a3m	102.102
G_del_at_347	240.a3m	247.031
C_del_at_638	241.a3m	141.333
A_del_at_533	242.a3m	123.692
T_del_at_621	243.a3m	97.2976
G_del_at_417	244.a3m	135.245
G_del_at_580	245.a3m	102.919
G_del_at_209	246.a3m	147.685
C_del_at_55	247.a3m	54.4244
C_del_at_590	248.a3m	122.567
T_del_at_246	249.a3m	83.5533
A_del_at_565	24.a3m	113.557
A_del_at_507	250.a3m	106.983
C_del_at_588	251.a3m	138.296
A_del_at_161	252.a3m	161.876
C_del_at_326	253.a3m	67.3445
T_del_at_585	254.a3m	112.035
C_del_at_556	255.a3m	125.465
C_del_at_28	256.a3m	61.7495
A_del_at_202	257.a3m	146.401
C_del_at_321	258.a3m	64.9422
C_del_at_369	259.a3m	197.275
T_del_at_547	25.a3m	120.45
A_del_at_541	260.a3m	112.637
A_del_at_112	261.a3m	32.5312
C_del_at_50	262.a3m	61.8323
G_del_at_509	263.a3m	107.491
C_del_at_300	264.a3m	98.2847
A_del_at_20	265.a3m	55.3834
G_del_at_388	266.a3m	210.526
A_del_at_406	267.a3m	160.922
G_del_at_457	268.a3m	112.946
C_del_at_568	269.a3m	117.725
T_del_at_205	26.a3m	119.68
A_del_at_392	270.a3m	204.274
G_del_at_3	271.a3m	52.434
G_del_at_46	272.a3m	61.8009
T_del_at_328	273.a3m	67.6281
T_del_at_165	274.a3m	126.929
C_del_at_411	275.a3m	135.152
G_del_at_169	276.a3m	140.118
A_del_at_525	277.a3m	120.472
T_del_at_341	278.a3m	227.503
G_del_at_43	279.a3m	59.8856
T_del_at_622	27.a3m	97.0207
C_del_at_551	280.a3m	113.253
A_del_at_634	281.a3m	119.72
G_del_at_21	282.a3m	58.9114
A_del_at_479	283.a3m	110.838
A_del_at_187	284.a3m	146.6
C_del_at_27	285.a3m	62.7495
A_del_at_198	286.a3m	171.901
C_del_at_138	287.a3m	142.653
C_del_at_145	288.a3m	142.47
G_del_at_117	289.a3m	31.6288
C_del_at_61	28.a3m	52.8957
G_del_at_65	290.a3m	58.984
T_del_at_14	291.a3m	42.3592
C_del_at_455	292.a3m	112.498
A_del_at_322	293.a3m	63.3009
G_del_at_64	294.a3m	60.106
T_del_at_516	295.a3m	118.803
T_del_at_368	296.a3m	192.26
C_del_at_504	297.a3m	107.837
C_del_at_474	298.a3m	119.274
G_del_at_445	299.a3m	127.842
C_del_at_106	29.a3m	27.7084
C_del_at_306	2.a3m	72.8841
G_del_at_483	300.a3m	123.491
A_del_at_562	301.a3m	114.735
T_del_at_619	302.a3m	108.137
T_del_at_148	303.a3m	134.801
C_del_at_282	304.a3m	98.7393
G_del_at_404	305.a3m	162.126
C_del_at_113	306.a3m	32.6611
C_del_at_431	307.a3m	143.761
A_del_at_109	308.a3m	29.7719
G_del_at_335	309.a3m	64.3058
G_del_at_410	30.a3m	162.835
T_del_at_438	310.a3m	122.479
C_del_at_530	311.a3m	121.534
A_del_at_380	312.a3m	179.338
A_del_at_235	313.a3m	125.952
C_del_at_534	314.a3m	121.472
C_del_at_296	315.a3m	93.0179
T_del_at_395	316.a3m	168.235
G_del_at_73	317.a3m	55.5244
A_del_at_92	318.a3m	31.6403
T_del_at_119	319.a3m	27.5257
G_del_at_333	31.a3m	63.3555
A_del_at_11	320.a3m	52.2851
T_del_at_544	321.a3m	109.209
A_del_at_305	322.a3m	100.602
A_del_at_340	323.a3m	65.303
A_del_at_47	324.a3m	60.1416
T_del_at_332	325.a3m	61.467
A_del_at_466	326.a3m	108.916
T_del_at_217	327.a3m	125.119
T_del_at_91	328.a3m	32.5413
G_del_at_274	329.a3m	103.08
G_del_at_85	32.a3m	34.8672
C_del_at_76	330.a3m	58.9573
C_del_at_540	331.a3m	110.103
C_del_at_9	332.a3m	47.4398
T_del_at_254	333.a3m	123.307
C_del_at_627	334.a3m	110.313
A_del_at_598	335.a3m	123.795
A_del_at_480	336.a3m	112.56
C_del_at_87	337.a3m	36.0068
T_del_at_602	338.a3m	125.912
T_del_at_2	339.a3m	46.6953
A_del_at_517	33.a3m	120.416
G_del_at_617	340.a3m	105.232
C_del_at_330	341.a3m	62.6679
G_del_at_168	342.a3m	139.453
T_del_at_74	343.a3m	41.2012
A_del_at_446	344.a3m	135.046
A_del_at_227	345.a3m	112.236
C_del_at_17	346.a3m	55.3465
C_del_at_86	347.a3m	36.4444
T_del_at_605	348.a3m	103.2
A_del_at_54	349.a3m	56.6266
C_del_at_301	34.a3m	97.0436
C_del_at_139	350.a3m	151.4
A_del_at_298	351.a3m	92.9548
T_del_at_643	352.a3m	116.582
G_del_at_399	353.a3m	160.16
T_del_at_151	354.a3m	139.512
A_del_at_107	355.a3m	24.3481
C_del_at_550	356.a3m	112.405
T_del_at_44	357.a3m	57.2695
C_del_at_453	358.a3m	111.381
A_del_at_203	359.a3m	142.233
T_del_at_289	35.a3m	75.5674
A_del_at_378	360.a3m	202.663
G_del_at_463	361.a3m	124.854
C_del_at_487	362.a3m	108.8
A_del_at_124	363.a3m	140.069
T_del_at_426	364.a3m	129.209
A_del_at_320	365.a3m	60.2231
G_del_at_375	366.a3m	189.924
G_del_at_642	367.a3m	117.539
A_del_at_344	368.a3m	256.721
C_del_at_59	369.a3m	61.9578
T_del_at_130	36.a3m	130.625
A_del_at_612	370.a3m	108.763
C_del_at_384	371.a3m	194.271
G_del_at_465	372.a3m	109.16
T_del_at_549	373.a3m	114.379
T_del_at_273	374.a3m	102.48
G_del_at_334	375.a3m	65.1162
C_del_at_613	376.a3m	115.067
C_del_at_362	377.a3m	236.614
G_del_at_270	378.a3m	96.4389
G_del_at_600	379.a3m	98.9821
G_del_at_39	37.a3m	57.3764
C_del_at_260	380.a3m	89.1442
A_del_at_287	381.a3m	93.3081
T_del_at_606	382.a3m	105.839
T_del_at_423	383.a3m	148.888
A_del_at_295	384.a3m	104.151
T_del_at_616	385.a3m	126.774
G_del_at_290	386.a3m	99.4575
G_del_at_315	387.a3m	80.4789
C_del_at_628	388.a3m	109.553
G_del_at_8	389.a3m	41.2801
C_del_at_133	38.a3m	144.802
C_del_at_447	390.a3m	120.337
C_del_at_545	391.a3m	119.15
C_del_at_288	392.a3m	77.8822
A_del_at_52	393.a3m	57.4487
A_del_at_349	394.a3m	251.003
G_del_at_577	395.a3m	102
T_del_at_413	396.a3m	132.704
A_del_at_497	397.a3m	93.6987
A_del_at_511	398.a3m	108.174
C_del_at_502	399.a3m	106.134
G_del_at_510	39.a3m	109.388
T_del_at_429	3.a3m	122.359
C_del_at_294	400.a3m	103.654
C_del_at_147	401.a3m	129.298
T_del_at_167	402.a3m	152.727
T_del_at_304	403.a3m	86.1464
T_del_at_5	404.a3m	60.1713
G_del_at_317	405.a3m	76.194
G_del_at_280	406.a3m	92.8178
G_del_at_131	407.a3m	137.013
T_del_at_359	408.a3m	234.734
C_del_at_228	409.a3m	135.39
G_del_at_561	40.a3m	108.049
A_del_at_476	410.a3m	115.461
A_del_at_596	411.a3m	97.4852
C_del_at_190	412.a3m	118.689
C_del_at_293	413.a3m	105.25
T_del_at_238	414.a3m	110.346
C_del_at_421	415.a3m	127.495
G_del_at_158	416.a3m	162.002
A_del_at_645	417.a3m	115.073
C_del_at_604	418.a3m	104.615
G_del_at_222	419.a3m	131.689
C_del_at_503	41.a3m	108.211
G_del_at_267	420.a3m	101.034
A_del_at_12	421.a3m	50.474
A_del_at_454	422.a3m	111.334
T_del_at_183	423.a3m	147.974
C_del_at_309	424.a3m	88.6323
C_del_at_471	425.a3m	105.474
C_del_at_472	426.a3m	110.262
G_del_at_564	427.a3m	112.643
C_del_at_259	428.a3m	87.9714
T_del_at_414	429.a3m	134.774
T_del_at_291	42.a3m	69.8316
G_del_at_118	430.a3m	29.8049
T_del_at_325	431.a3m	70.6152
T_del_at_593	432.a3m	100.088
T_del_at_204	433.a3m	122.798
G_del_at_142	434.a3m	152.396
C_del_at_513	435.a3m	117.59
C_del_at_93	436.a3m	21.538
A_del_at_343	437.a3m	254.893
G_del_at_84	438.a3m	34.4148
C_del_at_363	439.a3m	230.78
G_del_at_389	43.a3m	213.499
A_del_at_485	440.a3m	117.338
T_del_at_356	441.a3m	237.672
G_del_at_111	442.a3m	35.36
G_del_at_443	443.a3m	135.711
G_del_at_350	444.a3m	235.278
C_del_at_354	445.a3m	269.6
T_del_at_264	446.a3m	67.5037
A_del_at_308	447.a3m	89.6968
G_del_at_121	448.a3m	28.6611
G_del_at_542	449.a3m	119.162
T_del_at_185	44.a3m	151.323
G_del_at_242	450.a3m	140.496
G_del_at_418	451.a3m	133.209
T_del_at_240	452.a3m	110.16
A_del_at_215	453.a3m	108.842
G_del_at_348	454.a3m	242.185
A_del_at_266	455.a3m	98.5984
T_del_at_489	456.a3m	119.829
A_del_at_444	457.a3m	128.366
C_del_at_360	458.a3m	226.197
G_del_at_528	459.a3m	125.003
C_del_at_90	45.a3m	32.5022
A_del_at_1	460.a3m	60.0387
A_del_at_197	461.a3m	139.069
A_del_at_292	462.a3m	109.152
C_del_at_353	463.a3m	221.207
G_del_at_33	464.a3m	62.0018
A_del_at_155	465.a3m	167.808
G_del_at_424	466.a3m	145.387
G_del_at_164	467.a3m	147.781
A_del_at_456	468.a3m	116.67
C_del_at_557	469.a3m	125.993
A_del_at_67	46.a3m	51.5489
A_del_at_231	470.a3m	134.875
G_del_at_123	471.a3m	136.282
C_del_at_403	472.a3m	190.703
C_del_at_261	473.a3m	86.9352
G_del_at_71	474.a3m	51.5369
A_del_at_377	475.a3m	204.285
A_del_at_367	476.a3m	193.513
A_del_at_331	477.a3m	63.268
T_del_at_500	478.a3m	114.01
G_del_at_498	479.a3m	96.0397
C_del_at_268	47.a3m	99.1192
A_del_at_364	480.a3m	232.471
A_del_at_464	481.a3m	119.495
G_del_at_248	482.a3m	115.79
G_del_at_620	483.a3m	110.785
A_del_at_608	484.a3m	104.416
C_del_at_552	485.a3m	113.674
G_del_at_195	486.a3m	130.109
T_del_at_6	487.a3m	59.8562
G_del_at_160	488.a3m	187.945
A_del_at_538	489.a3m	109.869
C_del_at_488	48.a3m	113.8
C_del_at_152	490.a3m	41.0272
T_del_at_629	491.a3m	116.136
C_del_at_136	492.a3m	136.964
T_del_at_393	493.a3m	199.706
C_del_at_539	494.a3m	112.34
G_del_at_216	495.a3m	114.64
A_del_at_370	496.a3m	196.418
C_del_at_346	497.a3m	233.162
T_del_at_387	498.a3m	189.614
C_del_at_53	499.a3m	60.127
A_del_at_313	49.a3m	68.6432
G_del_at_16	4.a3m	48.7044
C_del_at_62	500.a3m	51.6266
A_del_at_95	501.a3m	28.0554
C_del_at_172	502.a3m	156.948
A_del_at_416	503.a3m	163.511
C_del_at_129	504.a3m	133.428
T_del_at_314	505.a3m	68.9104
A_del_at_391	506.a3m	192.862
G_del_at_277	507.a3m	99.5165
A_del_at_22	508.a3m	58.5357
G_del_at_114	509.a3m	30.7276
G_del_at_125	50.a3m	141.137
G_del_at_428	510.a3m	129.326
G_del_at_473	511.a3m	126.038
T_del_at_583	512.a3m	115.423
T_del_at_48	513.a3m	65.0608
T_del_at_194	514.a3m	112.575
C_del_at_499	515.a3m	116.149
T_del_at_310	516.a3m	86.2754
G_del_at_276	517.a3m	98.2097
T_del_at_324	518.a3m	73.5205
G_del_at_255	519.a3m	91.9041
G_del_at_329	51.a3m	73.8595
T_del_at_206	520.a3m	121.705
T_del_at_279	521.a3m	94.7206
A_del_at_442	522.a3m	125.269
C_del_at_397	523.a3m	176.854
G_del_at_77	524.a3m	51.0702
T_del_at_141	525.a3m	159.793
C_del_at_244	526.a3m	103.713
C_del_at_78	527.a3m	55.158
G_del_at_26	528.a3m	64.2758
G_del_at_258	529.a3m	87.0073
G_del_at_555	52.a3m	114.505
A_del_at_233	530.a3m	134.776
T_del_at_177	531.a3m	154.324
G_del_at_42	532.a3m	61.8271
C_del_at_546	533.a3m	116.592
T_del_at_249	534.a3m	144.042
A_del_at_179	535.a3m	157.884
C_del_at_13	536.a3m	46.5011
G_del_at_193	537.a3m	137.247
T_del_at_257	538.a3m	91.0396
G_del_at_154	539.a3m	158.239
A_del_at_563	53.a3m	108.742
A_del_at_311	540.a3m	79.939
A_del_at_579	541.a3m	106.211
C_del_at_127	542.a3m	145.316
T_del_at_398	543.a3m	172.62
C_del_at_394	544.a3m	196.801
T_del_at_174	545.a3m	137.089
G_del_at_351	546.a3m	236.63
T_del_at_419	547.a3m	172.564
C_del_at_543	548.a3m	110.397
G_del_at_31	549.a3m	67.514
A_del_at_478	54.a3m	105.506
C_del_at_63	550.a3m	59.9836
G_del_at_15	551.a3m	48.7684
A_del_at_218	552.a3m	108.535
G_del_at_338	553.a3m	64.8684
A_del_at_623	554.a3m	115.121
A_del_at_615	555.a3m	144.619
C_del_at_236	556.a3m	126.857
T_del_at_219	557.a3m	115.094
A_del_at_396	558.a3m	174.709
A_del_at_385	559.a3m	194.147
C_del_at_70	55.a3m	64.0121
T_del_at_25	560.a3m	60.0132
G_del_at_607	561.a3m	104.587
T_del_at_374	562.a3m	168.402
T_del_at_283	563.a3m	98.8067
A_del_at_409	564.a3m	141.656
C_del_at_241	565.a3m	110.152
T_del_at_594	566.a3m	98.5295
C_del_at_381	567.a3m	205.462
A_del_at_140	568.a3m	158.861
A_del_at_98	569.a3m	30.5028
G_del_at_450	56.a3m	126.787
C_del_at_69	570.a3m	62.4819
G_del_at_441	571.a3m	123.726
T_del_at_470	572.a3m	110.956
C_del_at_23	573.a3m	60.4189
C_del_at_10	574.a3m	53.0249
G_del_at_449	575.a3m	127.018
T_del_at_640	576.a3m	132.682
C_del_at_29	577.a3m	63.2897
A_del_at_102	578.a3m	32.4887
C_del_at_135	579.a3m	137.122
A_del_at_307	57.a3m	88.1896
C_del_at_366	580.a3m	192.261
A_del_at_461	581.a3m	124.323
G_del_at_573	582.a3m	105.952
G_del_at_128	583.a3m	123.477
G_del_at_207	584.a3m	112.639
G_del_at_523	585.a3m	111.206
A_del_at_361	586.a3m	227.367
A_del_at_232	587.a3m	133.783
C_del_at_383	588.a3m	192.994
A_del_at_19	589.a3m	53.6509
C_del_at_524	58.a3m	112.476
C_del_at_81	590.a3m	45.072
T_del_at_262	591.a3m	87.5517
T_del_at_637	592.a3m	111.158
G_del_at_36	593.a3m	68.8022
C_del_at_327	594.a3m	67.5895
T_del_at_100	595.a3m	28.7863
G_del_at_482	596.a3m	110.657
G_del_at_253	597.a3m	124.786
C_del_at_636	598.a3m	112.307
G_del_at_400	599.a3m	158.402
C_del_at_591	59.a3m	125.314
C_del_at_408	5.a3m	156.858
T_del_at_285	600.a3m	102.003
G_del_at_460	601.a3m	112.996
C_del_at_506	602.a3m	114.869
G_del_at_420	603.a3m	126.3
A_del_at_575	604.a3m	100.695
G_del_at_41	605.a3m	62.1275
G_del_at_213	606.a3m	109.174
A_del_at_558	607.a3m	125.585
C_del_at_132	608.a3m	132.403
C_del_at_171	609.a3m	153.191
G_del_at_223	60.a3m	130.666
C_del_at_80	610.a3m	42.2855
A_del_at_491	611.a3m	96.3596
G_del_at_496	612.a3m	125.712
G_del_at_401	613.a3m	161.92
A_del_at_535	614.a3m	129.252
T_del_at_599	615.a3m	130.334
C_del_at_548	616.a3m	109.054
T_del_at_611	617.a3m	106.493
A_del_at_224	618.a3m	112.286
T_del_at_382	619.a3m	205.915
T_del_at_435	61.a3m	137.683
T_del_at_40	620.a3m	57.0071
A_del_at_247	621.a3m	95.2183
G_del_at_452	622.a3m	137.916
T_del_at_212	623.a3m	164.775
T_del_at_632	624.a3m	133.823
G_del_at_286	625.a3m	103.009
G_del_at_614	626.a3m	116.936
G_del_at_439	627.a3m	128.725
G_del_at_501	628.a3m	109.558
C_del_at_569	629.a3m	115.942
G_del_at_574	62.a3m	105.638
G_del_at_256	630.a3m	91.3162
T_del_at_572	631.a3m	105.105
G_del_at_386	632.a3m	202.774
G_del_at_477	633.a3m	110.072
C_del_at_97	634.a3m	26.2222
G_del_at_519	635.a3m	102.695
C_del_at_159	636.a3m	151.101
A_del_at_157	637.a3m	154.125
C_del_at_339	638.a3m	59.4396
T_del_at_390	639.a3m	206.835
C_del_at_624	63.a3m	116.235
A_del_at_372	640.a3m	193.692
T_del_at_610	641.a3m	105.911
T_del_at_38	642.a3m	54.4954
C_del_at_108	643.a3m	27.6041
T_del_at_225	644.a3m	127.214
T_del_at_188	64.a3m	149.001
A_del_at_182	65.a3m	147.891
A_del_at_355	66.a3m	240.46
G_del_at_180	67.a3m	141.169
C_del_at_553	68.a3m	116.794
G_del_at_481	69.a3m	107.037
C_del_at_312	6.a3m	68.5532
C_del_at_495	70.a3m	126.272
A_del_at_532	71.a3m	121.946
C_del_at_272	72.a3m	94.9469
G_del_at_484	73.a3m	106.023
A_del_at_153	74.a3m	155.971
G_del_at_618	75.a3m	101.871
A_del_at_559	76.a3m	127.664
G_del_at_376	77.a3m	185.132
C_del_at_492	78.a3m	107.055
T_del_at_433	79.a3m	145.255
T_del_at_122	7.a3m	152.874
C_del_at_436	80.a3m	138.007
G_del_at_323	81.a3m	61.8471
T_del_at_156	82.a3m	167.703
C_del_at_189	83.a3m	116.392
G_del_at_191	84.a3m	120.68
A_del_at_201	85.a3m	139.762
T_del_at_220	86.a3m	113.198
A_del_at_302	87.a3m	89.7795
T_del_at_239	88.a3m	110.454
T_del_at_587	89.a3m	109.475
C_del_at_537	8.a3m	122.312
T_del_at_110	90.a3m	34.7835
T_del_at_425	91.a3m	131.115
A_del_at_116	92.a3m	31.3818
C_del_at_357	93.a3m	240.176
A_del_at_143	94.a3m	126.035
C_del_at_641	95.a3m	124.937
A_del_at_94	96.a3m	28.0146
A_del_at_458	97.a3m	112.075
A_del_at_560	98.a3m	127.753
C_del_at_448	99.a3m	118.796
G_del_at_250	9.a3m	122.938
