C_del_at_224	0.a3m	160.958
T_del_at_363	1000.a3m	181.079
A_del_at_998	1001.a3m	288.916
C_del_at_339	1002.a3m	156.101
G_del_at_159	1003.a3m	181.628
A_del_at_890	1004.a3m	313.697
C_del_at_987	1005.a3m	308.528
T_del_at_128	1006.a3m	47.4497
G_del_at_784	1007.a3m	338.395
T_del_at_376	1008.a3m	232.732
C_del_at_331	1009.a3m	167.132
A_del_at_872	100.a3m	313.497
C_del_at_902	1010.a3m	327.931
A_del_at_985	1011.a3m	320.947
C_del_at_656	1012.a3m	287.451
G_del_at_835	1013.a3m	322.959
G_del_at_412	1014.a3m	215.725
T_del_at_1024	1015.a3m	327.722
G_del_at_272	1016.a3m	166.73
C_del_at_497	1017.a3m	207.592
A_del_at_751	1018.a3m	369.304
A_del_at_876	1019.a3m	331.294
A_del_at_478	101.a3m	210.705
A_del_at_715	1020.a3m	259.346
G_del_at_48	1021.a3m	46.9577
T_del_at_67	1022.a3m	54.9168
C_del_at_409	1023.a3m	218.475
C_del_at_188	1024.a3m	171.333
T_del_at_225	1025.a3m	168.839
A_del_at_152	102.a3m	181.679
A_del_at_971	103.a3m	293.274
T_del_at_157	104.a3m	175.778
T_del_at_149	105.a3m	192.075
C_del_at_948	106.a3m	306.434
G_del_at_830	107.a3m	341.109
G_del_at_82	108.a3m	45.1159
G_del_at_894	109.a3m	301.101
A_del_at_858	10.a3m	294.606
C_del_at_769	110.a3m	400.74
G_del_at_610	111.a3m	285.006
C_del_at_624	112.a3m	312.683
G_del_at_49	113.a3m	47.3485
C_del_at_245	114.a3m	174.035
G_del_at_873	115.a3m	337.326
A_del_at_86	116.a3m	42.6692
G_del_at_800	117.a3m	323.797
G_del_at_619	118.a3m	268.704
C_del_at_702	119.a3m	250.202
C_del_at_790	11.a3m	349.419
T_del_at_794	120.a3m	370.396
A_del_at_182	121.a3m	172.394
A_del_at_956	122.a3m	299.729
T_del_at_294	123.a3m	154.354
A_del_at_928	124.a3m	319.578
G_del_at_495	125.a3m	207.337
A_del_at_688	126.a3m	291.708
G_del_at_481	127.a3m	216.644
G_del_at_638	128.a3m	296.008
C_del_at_899	129.a3m	326.093
C_del_at_424	12.a3m	235.622
A_del_at_1012	130.a3m	313.684
A_del_at_739	131.a3m	299.615
A_del_at_153	132.a3m	181.315
A_del_at_578	133.a3m	277.175
G_del_at_734	134.a3m	250.136
G_del_at_322	135.a3m	185.089
G_del_at_618	136.a3m	264.927
A_del_at_520	137.a3m	320.167
A_del_at_163	138.a3m	158.556
T_del_at_968	139.a3m	294.311
C_del_at_318	13.a3m	189.227
C_del_at_378	140.a3m	230.056
G_del_at_323	141.a3m	179.764
G_del_at_652	142.a3m	268.182
C_del_at_898	143.a3m	328.016
C_del_at_468	144.a3m	216.147
C_del_at_630	145.a3m	312.997
T_del_at_752	146.a3m	356.321
A_del_at_201	147.a3m	178.363
A_del_at_450	148.a3m	236.406
A_del_at_302	149.a3m	179.734
T_del_at_819	14.a3m	325.747
A_del_at_156	150.a3m	186.616
A_del_at_776	151.a3m	333.079
G_del_at_461	152.a3m	214.134
G_del_at_993	153.a3m	310.2
G_del_at_217	154.a3m	173.537
C_del_at_357	155.a3m	178.092
A_del_at_261	156.a3m	168.357
A_del_at_143	157.a3m	176.009
G_del_at_738	158.a3m	385.045
T_del_at_56	159.a3m	48.637
G_del_at_435	15.a3m	218.29
A_del_at_931	160.a3m	302.759
G_del_at_517	161.a3m	222.234
G_del_at_1015	162.a3m	311.364
A_del_at_588	163.a3m	342.122
A_del_at_736	164.a3m	266.756
A_del_at_228	165.a3m	177.403
C_del_at_726	166.a3m	244.37
T_del_at_1021	167.a3m	315.413
T_del_at_123	168.a3m	48.2904
G_del_at_856	169.a3m	294.076
T_del_at_340	16.a3m	155.027
T_del_at_286	170.a3m	177.565
C_del_at_911	171.a3m	308.902
G_del_at_166	172.a3m	156.888
A_del_at_395	173.a3m	227.124
T_del_at_444	174.a3m	229.748
T_del_at_197	175.a3m	158.992
A_del_at_549	176.a3m	342.408
T_del_at_608	177.a3m	302.759
G_del_at_592	178.a3m	354.424
C_del_at_529	179.a3m	333.279
T_del_at_728	17.a3m	248.843
C_del_at_433	180.a3m	227.092
C_del_at_449	181.a3m	225.939
T_del_at_210	182.a3m	172.857
C_del_at_374	183.a3m	240.348
T_del_at_295	184.a3m	154.159
C_del_at_277	185.a3m	175.42
G_del_at_672	186.a3m	279.215
A_del_at_966	187.a3m	306.724
T_del_at_369	188.a3m	285.722
C_del_at_996	189.a3m	290.973
A_del_at_180	18.a3m	177.535
A_del_at_840	190.a3m	335.653
C_del_at_967	191.a3m	301.584
C_del_at_111	192.a3m	57.5653
T_del_at_348	193.a3m	172.071
G_del_at_480	194.a3m	215.197
C_del_at_284	195.a3m	147.206
A_del_at_503	196.a3m	211.549
C_del_at_888	197.a3m	312.91
A_del_at_536	198.a3m	293.998
T_del_at_346	199.a3m	158.668
C_del_at_765	19.a3m	422.978
A_del_at_167	1.a3m	164.569
G_del_at_651	200.a3m	267.832
A_del_at_763	201.a3m	371.153
C_del_at_425	202.a3m	244.841
T_del_at_365	203.a3m	252.876
T_del_at_809	204.a3m	311.37
T_del_at_650	205.a3m	295.764
G_del_at_855	206.a3m	306.341
G_del_at_970	207.a3m	292.239
G_del_at_713	208.a3m	247.896
T_del_at_923	209.a3m	305.342
C_del_at_941	20.a3m	326.141
C_del_at_793	210.a3m	405.173
T_del_at_45	211.a3m	51.7583
G_del_at_869	212.a3m	316.768
T_del_at_700	213.a3m	256.703
C_del_at_297	214.a3m	158.773
A_del_at_959	215.a3m	317.339
C_del_at_531	216.a3m	339.745
C_del_at_742	217.a3m	353.738
T_del_at_319	218.a3m	188.474
C_del_at_154	219.a3m	182.239
C_del_at_920	21.a3m	300.261
C_del_at_30	220.a3m	9.23246
G_del_at_877	221.a3m	336.115
C_del_at_640	222.a3m	261.205
C_del_at_665	223.a3m	307.612
C_del_at_895	224.a3m	306.74
C_del_at_380	225.a3m	218.997
T_del_at_379	226.a3m	232.967
G_del_at_673	227.a3m	277.2
C_del_at_291	228.a3m	195.107
C_del_at_566	229.a3m	342.724
A_del_at_910	22.a3m	307.93
T_del_at_55	230.a3m	51.3579
A_del_at_955	231.a3m	303.587
T_del_at_78	232.a3m	43.7971
C_del_at_947	233.a3m	302.992
G_del_at_432	234.a3m	231.361
G_del_at_814	235.a3m	308.991
G_del_at_545	236.a3m	325.482
C_del_at_110	237.a3m	57.4853
C_del_at_94	238.a3m	44.7325
A_del_at_707	239.a3m	272.8
G_del_at_184	23.a3m	175.667
G_del_at_514	240.a3m	206.162
C_del_at_462	241.a3m	232.109
G_del_at_974	242.a3m	318.787
G_del_at_527	243.a3m	323.395
G_del_at_775	244.a3m	375.475
G_del_at_882	245.a3m	296.47
C_del_at_451	246.a3m	238.731
G_del_at_226	247.a3m	166.255
C_del_at_936	248.a3m	308.716
C_del_at_944	249.a3m	303.925
G_del_at_7	24.a3m	11.6671
G_del_at_957	250.a3m	299.086
C_del_at_889	251.a3m	309.655
C_del_at_571	252.a3m	332.348
T_del_at_237	253.a3m	172.566
C_del_at_817	254.a3m	315.367
A_del_at_757	255.a3m	382.22
C_del_at_780	256.a3m	371.555
T_del_at_581	257.a3m	251.068
C_del_at_457	258.a3m	218.736
T_del_at_421	259.a3m	212.648
A_del_at_186	25.a3m	189.819
T_del_at_945	260.a3m	308.61
C_del_at_227	261.a3m	172.336
A_del_at_282	262.a3m	173.069
T_del_at_268	263.a3m	159.923
A_del_at_803	264.a3m	323.907
G_del_at_686	265.a3m	285.739
C_del_at_116	266.a3m	45.187
T_del_at_280	267.a3m	163.412
T_del_at_990	268.a3m	313.073
A_del_at_611	269.a3m	287.06
G_del_at_411	26.a3m	220.36
T_del_at_764	270.a3m	345.459
C_del_at_178	271.a3m	165.17
G_del_at_976	272.a3m	293.942
G_del_at_132	273.a3m	214.792
C_del_at_336	274.a3m	179.694
A_del_at_597	275.a3m	291.818
T_del_at_669	276.a3m	295.566
C_del_at_238	277.a3m	174.215
G_del_at_559	278.a3m	365.152
A_del_at_407	279.a3m	240.386
C_del_at_684	27.a3m	269.23
C_del_at_799	280.a3m	365.417
C_del_at_748	281.a3m	363.42
T_del_at_147	282.a3m	176.815
A_del_at_196	283.a3m	181.432
A_del_at_71	284.a3m	36.7723
A_del_at_992	285.a3m	315.457
G_del_at_837	286.a3m	320.961
G_del_at_521	287.a3m	356.613
G_del_at_342	288.a3m	160.423
G_del_at_820	289.a3m	324.599
T_del_at_647	28.a3m	283.863
G_del_at_589	290.a3m	335.301
C_del_at_298	291.a3m	158.01
T_del_at_770	292.a3m	455.31
G_del_at_115	293.a3m	50.8841
C_del_at_37	294.a3m	15.593
C_del_at_11	295.a3m	10.7244
C_del_at_387	296.a3m	213.822
C_del_at_343	297.a3m	152.597
G_del_at_438	298.a3m	209.419
T_del_at_1006	299.a3m	298.897
C_del_at_750	29.a3m	372.484
A_del_at_170	2.a3m	160.995
G_del_at_524	300.a3m	331.522
G_del_at_511	301.a3m	224.53
C_del_at_99	302.a3m	44.2422
C_del_at_997	303.a3m	293.491
C_del_at_140	304.a3m	173.026
A_del_at_83	305.a3m	42.5837
C_del_at_664	306.a3m	310.716
T_del_at_278	307.a3m	151.908
T_del_at_943	308.a3m	326.797
T_del_at_712	309.a3m	224.708
G_del_at_250	30.a3m	161.46
G_del_at_129	310.a3m	189.097
C_del_at_164	311.a3m	171.535
G_del_at_796	312.a3m	372.955
G_del_at_181	313.a3m	184.895
C_del_at_939	314.a3m	311.416
A_del_at_914	315.a3m	307.795
C_del_at_458	316.a3m	218.037
T_del_at_39	317.a3m	9.98169
A_del_at_557	318.a3m	358.52
A_del_at_862	319.a3m	311.51
T_del_at_823	31.a3m	292.217
A_del_at_875	320.a3m	332.105
A_del_at_798	321.a3m	368.919
G_del_at_235	322.a3m	166.371
T_del_at_885	323.a3m	309.346
A_del_at_631	324.a3m	266.088
G_del_at_897	325.a3m	322.273
T_del_at_361	326.a3m	172.891
G_del_at_6	327.a3m	10.9523
C_del_at_477	328.a3m	214.14
A_del_at_118	329.a3m	37.866
G_del_at_204	32.a3m	158.752
T_del_at_558	330.a3m	351.371
T_del_at_131	331.a3m	209.706
G_del_at_587	332.a3m	292.569
A_del_at_88	333.a3m	44.3886
T_del_at_896	334.a3m	307.435
G_del_at_861	335.a3m	311.413
A_del_at_193	336.a3m	158.711
C_del_at_965	337.a3m	298.675
C_del_at_386	338.a3m	220.219
T_del_at_440	339.a3m	242.677
T_del_at_160	33.a3m	167.981
A_del_at_148	340.a3m	179.714
T_del_at_822	341.a3m	303.083
G_del_at_670	342.a3m	284.831
T_del_at_634	343.a3m	331.203
G_del_at_845	344.a3m	280.23
G_del_at_725	345.a3m	233.997
G_del_at_422	346.a3m	227.046
G_del_at_711	347.a3m	256.039
A_del_at_494	348.a3m	219.678
T_del_at_658	349.a3m	275.603
C_del_at_680	34.a3m	280.385
C_del_at_849	350.a3m	312.901
G_del_at_560	351.a3m	275.848
A_del_at_932	352.a3m	303.658
A_del_at_913	353.a3m	306.617
G_del_at_105	354.a3m	38.6387
T_del_at_579	355.a3m	249.422
T_del_at_720	356.a3m	266.593
A_del_at_781	357.a3m	373.509
C_del_at_214	358.a3m	175.147
C_del_at_173	359.a3m	179.666
T_del_at_864	35.a3m	311.464
C_del_at_779	360.a3m	372.2
T_del_at_570	361.a3m	328.019
C_del_at_215	362.a3m	172.909
T_del_at_821	363.a3m	305.874
A_del_at_234	364.a3m	168.592
A_del_at_774	365.a3m	376.615
A_del_at_760	366.a3m	419.701
C_del_at_36	367.a3m	9.92819
T_del_at_825	368.a3m	315.134
G_del_at_96	369.a3m	46.2007
C_del_at_269	36.a3m	164.446
A_del_at_718	370.a3m	256.176
T_del_at_791	371.a3m	356.552
C_del_at_493	372.a3m	228.718
A_del_at_980	373.a3m	302.085
C_del_at_356	374.a3m	182.512
C_del_at_430	375.a3m	196.264
G_del_at_994	376.a3m	312.148
C_del_at_251	377.a3m	158.587
G_del_at_806	378.a3m	327.396
G_del_at_246	379.a3m	151.408
C_del_at_270	37.a3m	165.684
A_del_at_533	380.a3m	321.342
T_del_at_621	381.a3m	282.326
G_del_at_417	382.a3m	233.034
A_del_at_89	383.a3m	44.8154
C_del_at_949	384.a3m	306.49
G_del_at_824	385.a3m	317.935
G_del_at_540	386.a3m	313.789
C_del_at_465	387.a3m	240.08
T_del_at_714	388.a3m	238.282
G_del_at_176	389.a3m	173.309
T_del_at_912	38.a3m	306.903
A_del_at_683	390.a3m	294.08
C_del_at_275	391.a3m	176.525
A_del_at_114	392.a3m	50.447
C_del_at_200	393.a3m	175.89
C_del_at_100	394.a3m	44.0175
A_del_at_787	395.a3m	355.294
G_del_at_951	396.a3m	295.626
G_del_at_364	397.a3m	180.307
A_del_at_85	398.a3m	42.3864
T_del_at_635	399.a3m	318.143
G_del_at_818	39.a3m	310.167
C_del_at_34	3.a3m	15.5859
C_del_at_321	400.a3m	131.475
G_del_at_44	401.a3m	48.2276
A_del_at_961	402.a3m	324.034
A_del_at_745	403.a3m	374.203
G_del_at_467	404.a3m	232.987
C_del_at_953	405.a3m	301.794
A_del_at_857	406.a3m	290.562
A_del_at_20	407.a3m	14.794
T_del_at_288	408.a3m	174.829
G_del_at_744	409.a3m	380.295
C_del_at_909	40.a3m	296.735
G_del_at_719	410.a3m	242.471
C_del_at_900	411.a3m	325.681
G_del_at_61	412.a3m	57.3303
C_del_at_328	413.a3m	169.816
C_del_at_568	414.a3m	345.524
C_del_at_756	415.a3m	384.646
A_del_at_130	416.a3m	189.977
C_del_at_98	417.a3m	43.8488
A_del_at_392	418.a3m	248.311
G_del_at_3	419.a3m	14.1776
C_del_at_79	41.a3m	42.5548
G_del_at_915	420.a3m	305.706
C_del_at_483	421.a3m	216.655
T_del_at_326	422.a3m	170.865
T_del_at_165	423.a3m	158.609
G_del_at_469	424.a3m	215.636
G_del_at_145	425.a3m	181.215
G_del_at_169	426.a3m	165.092
T_del_at_341	427.a3m	155.249
A_del_at_117	428.a3m	37.5424
C_del_at_722	429.a3m	255.971
A_del_at_691	42.a3m	293.212
C_del_at_886	430.a3m	308.171
A_del_at_25	431.a3m	9.54847
A_del_at_641	432.a3m	274.937
A_del_at_448	433.a3m	225.697
T_del_at_126	434.a3m	47.6715
A_del_at_1019	435.a3m	318.391
T_del_at_601	436.a3m	302.002
T_del_at_134	437.a3m	199.011
C_del_at_107	438.a3m	33.1839
C_del_at_922	439.a3m	297.342
C_del_at_577	43.a3m	291.423
C_del_at_305	440.a3m	173.571
C_del_at_27	441.a3m	8.64049
G_del_at_801	442.a3m	326.008
T_del_at_95	443.a3m	44.4113
C_del_at_390	444.a3m	242.06
T_del_at_337	445.a3m	171.589
C_del_at_138	446.a3m	172.526
A_del_at_701	447.a3m	260.561
A_del_at_373	448.a3m	241.727
C_del_at_455	449.a3m	235.568
T_del_at_97	44.a3m	44.8748
A_del_at_1013	450.a3m	313.559
C_del_at_828	451.a3m	365.056
C_del_at_585	452.a3m	318.485
T_del_at_516	453.a3m	222.922
A_del_at_773	454.a3m	375.291
C_del_at_504	455.a3m	221.813
C_del_at_474	456.a3m	214.573
G_del_at_202	457.a3m	179.905
T_del_at_617	458.a3m	293.271
A_del_at_51	459.a3m	49.936
C_del_at_749	45.a3m	367.95
G_del_at_626	460.a3m	332.246
T_del_at_831	461.a3m	365.225
G_del_at_366	462.a3m	252.928
T_del_at_65	463.a3m	53.5526
C_del_at_263	464.a3m	162.808
G_del_at_682	465.a3m	294.254
C_del_at_419	466.a3m	217.253
G_del_at_404	467.a3m	235.707
G_del_at_124	468.a3m	42.5618
C_del_at_891	469.a3m	320.102
C_del_at_101	46.a3m	44.1564
T_del_at_1020	470.a3m	317.212
T_del_at_695	471.a3m	306.605
C_del_at_637	472.a3m	320.106
G_del_at_335	473.a3m	163.634
C_del_at_530	474.a3m	343.191
T_del_at_487	475.a3m	209.078
C_del_at_534	476.a3m	326.301
G_del_at_429	477.a3m	194.702
G_del_at_550	478.a3m	348.268
T_del_at_428	479.a3m	239.316
T_del_at_642	47.a3m	264.947
A_del_at_408	480.a3m	241.339
C_del_at_296	481.a3m	156.423
T_del_at_633	482.a3m	323.376
C_del_at_242	483.a3m	165.737
C_del_at_315	484.a3m	192.05
A_del_at_359	485.a3m	179.016
G_del_at_609	486.a3m	283.812
A_del_at_659	487.a3m	290.409
G_del_at_187	488.a3m	188.583
G_del_at_247	489.a3m	149.628
A_del_at_716	48.a3m	258.967
G_del_at_603	490.a3m	305.597
T_del_at_345	491.a3m	157.474
C_del_at_310	492.a3m	146.849
A_del_at_299	493.a3m	157.433
A_del_at_887	494.a3m	317.592
T_del_at_119	495.a3m	38.6687
T_del_at_829	496.a3m	363.615
C_del_at_46	497.a3m	53.6892
T_del_at_544	498.a3m	296.885
A_del_at_32	499.a3m	10.6351
A_del_at_316	49.a3m	193.003
C_del_at_206	4.a3m	164.538
T_del_at_636	500.a3m	323.817
A_del_at_512	501.a3m	213.417
T_del_at_515	502.a3m	222.719
C_del_at_1001	503.a3m	302.044
G_del_at_880	504.a3m	329.272
T_del_at_681	505.a3m	296.59
A_del_at_47	506.a3m	53.5503
T_del_at_332	507.a3m	165.817
G_del_at_108	508.a3m	42.7714
T_del_at_653	509.a3m	286.352
A_del_at_243	50.a3m	175.75
T_del_at_789	510.a3m	349.997
C_del_at_137	511.a3m	167.615
C_del_at_420	512.a3m	214.012
C_del_at_347	513.a3m	152.068
C_del_at_64	514.a3m	51.6777
A_del_at_505	515.a3m	189.224
T_del_at_972	516.a3m	302.789
C_del_at_76	517.a3m	40.8411
T_del_at_724	518.a3m	253.797
T_del_at_29	519.a3m	7.92097
G_del_at_905	51.a3m	320.137
T_del_at_400	520.a3m	221.17
A_del_at_593	521.a3m	316.894
G_del_at_747	522.a3m	366.553
A_del_at_598	523.a3m	290.197
A_del_at_1011	524.a3m	310.706
C_del_at_87	525.a3m	47.3578
A_del_at_921	526.a3m	292.402
T_del_at_602	527.a3m	300.154
C_del_at_699	528.a3m	256.839
T_del_at_2	529.a3m	17.908
A_del_at_551	52.a3m	316.665
C_del_at_464	530.a3m	240.172
C_del_at_708	531.a3m	257.638
A_del_at_740	532.a3m	298.691
T_del_at_563	533.a3m	302.044
A_del_at_704	534.a3m	264.576
C_del_at_446	535.a3m	230.21
A_del_at_122	536.a3m	41.4962
C_del_at_668	537.a3m	295.876
T_del_at_660	538.a3m	248.214
C_del_at_754	539.a3m	381.311
A_del_at_70	53.a3m	45.0444
T_del_at_74	540.a3m	40.5803
A_del_at_418	541.a3m	226.988
C_del_at_17	542.a3m	3.54848
T_del_at_58	543.a3m	49.9236
C_del_at_678	544.a3m	277.955
G_del_at_919	545.a3m	302.887
T_del_at_434	546.a3m	224.336
G_del_at_622	547.a3m	250.484
A_del_at_54	548.a3m	48.5608
C_del_at_139	549.a3m	171.973
G_del_at_554	54.a3m	320.984
T_del_at_537	550.a3m	331.539
G_del_at_232	551.a3m	172.001
C_del_at_523	552.a3m	324.308
G_del_at_399	553.a3m	232.442
G_del_at_811	554.a3m	349.937
G_del_at_219	555.a3m	171.774
A_del_at_643	556.a3m	290.613
A_del_at_620	557.a3m	278.639
C_del_at_476	558.a3m	213.276
T_del_at_16	559.a3m	11.4781
T_del_at_547	55.a3m	319.605
T_del_at_384	560.a3m	233.812
C_del_at_454	561.a3m	235.589
G_del_at_507	562.a3m	206.775
C_del_at_281	563.a3m	152.641
A_del_at_415	564.a3m	235.15
T_del_at_441	565.a3m	236.433
T_del_at_445	566.a3m	231.543
C_del_at_453	567.a3m	238.497
G_del_at_249	568.a3m	162.514
A_del_at_203	569.a3m	153.244
A_del_at_5	56.a3m	10.9949
C_del_at_927	570.a3m	323.947
G_del_at_120	571.a3m	40.183
A_del_at_628	572.a3m	315.413
C_del_at_732	573.a3m	250.057
A_del_at_871	574.a3m	313.22
C_del_at_212	575.a3m	173.713
G_del_at_538	576.a3m	339.621
T_del_at_710	577.a3m	248.548
T_del_at_426	578.a3m	230.598
A_del_at_320	579.a3m	187.048
T_del_at_783	57.a3m	363.964
G_del_at_375	580.a3m	227.641
T_del_at_679	581.a3m	280.079
C_del_at_489	582.a3m	199.786
A_del_at_344	583.a3m	168.884
C_del_at_657	584.a3m	282.161
C_del_at_73	585.a3m	39.2214
G_del_at_771	586.a3m	352.329
C_del_at_59	587.a3m	19.5966
C_del_at_935	588.a3m	311.941
C_del_at_986	589.a3m	314.978
G_del_at_729	58.a3m	247.893
T_del_at_1023	590.a3m	329.311
A_del_at_498	591.a3m	221.471
T_del_at_983	592.a3m	290.754
C_del_at_933	593.a3m	300.456
C_del_at_689	594.a3m	288.161
A_del_at_66	595.a3m	54.899
C_del_at_541	596.a3m	344.885
C_del_at_38	597.a3m	9.96331
G_del_at_300	598.a3m	178.502
A_del_at_874	599.a3m	329.014
C_del_at_767	59.a3m	399.645
C_del_at_991	5.a3m	315.375
G_del_at_437	600.a3m	212.658
T_del_at_582	601.a3m	244.819
G_del_at_334	602.a3m	164.461
G_del_at_360	603.a3m	180.946
A_del_at_802	604.a3m	327.896
C_del_at_362	605.a3m	176.8
C_del_at_406	606.a3m	243.489
C_del_at_833	607.a3m	355.734
A_del_at_893	608.a3m	329.147
A_del_at_352	609.a3m	172.882
T_del_at_57	60.a3m	49.8819
C_del_at_260	610.a3m	159.742
T_del_at_979	611.a3m	304.806
T_del_at_606	612.a3m	305.357
A_del_at_488	613.a3m	205.487
C_del_at_254	614.a3m	156.006
G_del_at_151	615.a3m	180.817
G_del_at_289	616.a3m	176.259
C_del_at_717	617.a3m	252.834
C_del_at_1002	618.a3m	307.858
T_del_at_616	619.a3m	294.277
G_del_at_677	61.a3m	284.79
G_del_at_816	620.a3m	317.549
C_del_at_211	621.a3m	172.481
A_del_at_1016	622.a3m	317.731
T_del_at_940	623.a3m	299.078
C_del_at_572	624.a3m	328.164
C_del_at_509	625.a3m	192.554
C_del_at_762	626.a3m	369.034
C_del_at_162	627.a3m	148.992
G_del_at_355	628.a3m	154.187
C_del_at_753	629.a3m	379.289
A_del_at_75	62.a3m	42.3943
C_del_at_447	630.a3m	225.631
A_del_at_52	631.a3m	53.2832
G_del_at_785	632.a3m	354.391
A_del_at_977	633.a3m	301.79
G_del_at_661	634.a3m	291.501
C_del_at_502	635.a3m	237.684
G_del_at_175	636.a3m	171.58
G_del_at_565	637.a3m	322.539
G_del_at_654	638.a3m	274.649
T_del_at_685	639.a3m	272.101
A_del_at_50	63.a3m	49.9283
A_del_at_1003	640.a3m	308.77
C_del_at_102	641.a3m	44.0634
C_del_at_248	642.a3m	172.051
A_del_at_443	643.a3m	223.921
G_del_at_317	644.a3m	173.333
G_del_at_648	645.a3m	307.253
T_del_at_330	646.a3m	168.871
C_del_at_40	647.a3m	9.7957
C_del_at_192	648.a3m	160.275
G_del_at_91	649.a3m	50.9149
C_del_at_106	64.a3m	34.1605
A_del_at_614	650.a3m	341.043
T_del_at_786	651.a3m	349.192
A_del_at_662	652.a3m	275.442
A_del_at_258	653.a3m	158.781
C_del_at_292	654.a3m	190.2
C_del_at_528	655.a3m	333.593
T_del_at_866	656.a3m	299.589
T_del_at_590	657.a3m	335.171
T_del_at_92	658.a3m	44.3098
A_del_at_594	659.a3m	316.029
A_del_at_72	65.a3m	45.0889
C_del_at_190	660.a3m	156.894
C_del_at_293	661.a3m	188.621
A_del_at_553	662.a3m	348.182
G_del_at_938	663.a3m	311.819
T_del_at_674	664.a3m	271.34
G_del_at_158	665.a3m	180.082
G_del_at_743	666.a3m	379.014
C_del_at_604	667.a3m	324.433
A_del_at_625	668.a3m	311.003
T_del_at_687	669.a3m	250.036
G_del_at_333	66.a3m	164.876
A_del_at_629	670.a3m	314.386
T_del_at_183	671.a3m	203.676
C_del_at_35	672.a3m	15.5779
C_del_at_1005	673.a3m	298.269
C_del_at_309	674.a3m	150.836
G_del_at_135	675.a3m	197.118
C_del_at_372	676.a3m	174.326
C_del_at_471	677.a3m	214.99
T_del_at_307	678.a3m	171.062
C_del_at_472	679.a3m	215.069
C_del_at_535	67.a3m	328.573
G_del_at_564	680.a3m	323.478
A_del_at_84	681.a3m	42.5226
T_del_at_338	682.a3m	177.473
C_del_at_259	683.a3m	158.517
C_del_at_229	684.a3m	178.897
G_del_at_853	685.a3m	296.543
T_del_at_127	686.a3m	48.5657
A_del_at_1025	687.a3m	328.451
C_del_at_723	688.a3m	249.425
G_del_at_313	689.a3m	161.367
G_del_at_797	68.a3m	380
C_del_at_482	690.a3m	209.76
T_del_at_613	691.a3m	338.329
C_del_at_264	692.a3m	164.167
C_del_at_901	693.a3m	329.279
T_del_at_325	694.a3m	171.008
A_del_at_842	695.a3m	303.168
G_del_at_142	696.a3m	180.607
T_del_at_410	697.a3m	218.782
G_del_at_904	698.a3m	318.923
G_del_at_908	699.a3m	314.377
C_del_at_221	69.a3m	165.385
C_del_at_306	6.a3m	172.125
C_del_at_459	700.a3m	216.906
A_del_at_490	701.a3m	204.876
G_del_at_746	702.a3m	364.6
A_del_at_788	703.a3m	352.777
A_del_at_1010	704.a3m	311.168
G_del_at_492	705.a3m	208.903
T_del_at_93	706.a3m	43.1581
T_del_at_561	707.a3m	327.034
T_del_at_103	708.a3m	43.9269
T_del_at_77	709.a3m	42.4222
A_del_at_18	70.a3m	10.6753
G_del_at_576	710.a3m	314.218
G_del_at_892	711.a3m	302.611
G_del_at_350	712.a3m	170.383
C_del_at_741	713.a3m	355.902
C_del_at_832	714.a3m	364.514
C_del_at_368	715.a3m	243.829
G_del_at_663	716.a3m	265.41
A_del_at_308	717.a3m	175.916
G_del_at_121	718.a3m	40.6867
G_del_at_542	719.a3m	339.637
A_del_at_703	71.a3m	265.293
G_del_at_772	720.a3m	345.739
C_del_at_735	721.a3m	263.929
C_del_at_777	722.a3m	351.818
C_del_at_413	723.a3m	233.63
G_del_at_612	724.a3m	351.507
T_del_at_21	725.a3m	14.1539
C_del_at_532	726.a3m	341.274
C_del_at_843	727.a3m	322.593
G_del_at_198	728.a3m	173.124
C_del_at_179	729.a3m	155.738
C_del_at_580	72.a3m	252.898
A_del_at_950	730.a3m	306.727
A_del_at_43	731.a3m	52.2064
C_del_at_567	732.a3m	323.151
C_del_at_804	733.a3m	340.389
A_del_at_978	734.a3m	298.925
T_del_at_706	735.a3m	276.588
T_del_at_240	736.a3m	157.2
T_del_at_218	737.a3m	172.121
A_del_at_113	738.a3m	49.9514
A_del_at_303	739.a3m	178.341
C_del_at_133	73.a3m	188.211
T_del_at_755	740.a3m	386.466
G_del_at_836	741.a3m	317.686
C_del_at_926	742.a3m	327.862
G_del_at_141	743.a3m	174.44
A_del_at_1	744.a3m	17.1617
C_del_at_199	745.a3m	178.272
A_del_at_8	746.a3m	10.404
C_del_at_382	747.a3m	219.614
G_del_at_205	748.a3m	160.244
G_del_at_999	749.a3m	301.4
G_del_at_510	74.a3m	224.342
C_del_at_393	750.a3m	222.754
T_del_at_389	751.a3m	265.925
G_del_at_848	752.a3m	289.185
A_del_at_1026	753.a3m	327.281
C_del_at_353	754.a3m	165.767
A_del_at_995	755.a3m	306.096
G_del_at_969	756.a3m	287.323
C_del_at_230	757.a3m	176.857
G_del_at_33	758.a3m	10.1246
A_del_at_155	759.a3m	184.632
G_del_at_960	75.a3m	313.53
C_del_at_883	760.a3m	321
T_del_at_136	761.a3m	190.582
G_del_at_349	762.a3m	172.435
A_del_at_231	763.a3m	174.07
A_del_at_727	764.a3m	266.851
A_del_at_301	765.a3m	178.994
C_del_at_844	766.a3m	315.722
T_del_at_721	767.a3m	267.961
G_del_at_442	768.a3m	235.304
G_del_at_556	769.a3m	289.637
C_del_at_223	76.a3m	165.51
A_del_at_377	770.a3m	233.179
C_del_at_22	771.a3m	13.2041
A_del_at_367	772.a3m	249.327
G_del_at_4	773.a3m	14.8803
A_del_at_394	774.a3m	225.429
A_del_at_963	775.a3m	322.821
G_del_at_846	776.a3m	278.763
A_del_at_508	777.a3m	187.82
A_del_at_14	778.a3m	11.2142
T_del_at_161	779.a3m	168.767
C_del_at_988	77.a3m	311.307
A_del_at_195	780.a3m	176.947
G_del_at_1022	781.a3m	300.795
C_del_at_216	782.a3m	173.965
A_del_at_146	783.a3m	185.367
T_del_at_479	784.a3m	210.341
C_del_at_870	785.a3m	313.91
G_del_at_596	786.a3m	316.236
A_del_at_881	787.a3m	309.979
C_del_at_942	788.a3m	328.801
C_del_at_574	789.a3m	344.843
T_del_at_645	78.a3m	300.568
G_del_at_69	790.a3m	36.0999
T_del_at_982	791.a3m	289.376
A_del_at_397	792.a3m	234.911
A_del_at_934	793.a3m	333.92
G_del_at_605	794.a3m	328.82
A_del_at_241	795.a3m	158.627
G_del_at_68	796.a3m	35.0024
C_del_at_930	797.a3m	293.048
C_del_at_693	798.a3m	305.236
C_del_at_466	799.a3m	240.919
C_del_at_925	79.a3m	321.518
C_del_at_847	7.a3m	281.24
C_del_at_222	800.a3m	163.389
T_del_at_808	801.a3m	314.929
C_del_at_53	802.a3m	54.9258
A_del_at_838	803.a3m	314.373
C_del_at_112	804.a3m	57.3322
C_del_at_172	805.a3m	184.747
A_del_at_954	806.a3m	299.81
A_del_at_416	807.a3m	234.282
G_del_at_456	808.a3m	215.787
A_del_at_168	809.a3m	164.383
G_del_at_475	80.a3m	215.246
C_del_at_388	810.a3m	213.117
A_del_at_391	811.a3m	239.708
A_del_at_484	812.a3m	215.423
C_del_at_266	813.a3m	163.54
G_del_at_826	814.a3m	366.981
G_del_at_312	815.a3m	161.627
A_del_at_539	816.a3m	348.406
C_del_at_213	817.a3m	171.092
G_del_at_644	818.a3m	285.384
G_del_at_473	819.a3m	217.755
C_del_at_90	81.a3m	46.2443
G_del_at_314	820.a3m	158.734
A_del_at_854	821.a3m	310.18
G_del_at_12	822.a3m	13.4076
C_del_at_252	823.a3m	156.713
C_del_at_209	824.a3m	174.701
C_del_at_705	825.a3m	276.658
C_del_at_555	826.a3m	318.364
C_del_at_499	827.a3m	220.413
C_del_at_632	828.a3m	287.644
C_del_at_758	829.a3m	423.642
A_del_at_852	82.a3m	298.357
T_del_at_981	830.a3m	288.477
A_del_at_863	831.a3m	312.673
A_del_at_975	832.a3m	300.538
T_del_at_324	833.a3m	172.039
A_del_at_599	834.a3m	292.418
T_del_at_150	835.a3m	197.059
T_del_at_989	836.a3m	313.847
G_del_at_522	837.a3m	285.85
A_del_at_500	838.a3m	220.699
C_del_at_244	839.a3m	175.724
G_del_at_924	83.a3m	315.735
A_del_at_304	840.a3m	184.482
T_del_at_778	841.a3m	351.046
G_del_at_26	842.a3m	9.91075
A_del_at_929	843.a3m	319.807
T_del_at_584	844.a3m	338.308
C_del_at_265	845.a3m	159.262
A_del_at_583	846.a3m	240.854
T_del_at_737	847.a3m	375.908
C_del_at_525	848.a3m	366.092
T_del_at_177	849.a3m	165.47
G_del_at_591	84.a3m	357.871
C_del_at_414	850.a3m	235.97
G_del_at_42	851.a3m	48.4342
C_del_at_546	852.a3m	314.41
T_del_at_761	853.a3m	395.162
C_del_at_692	854.a3m	305.206
A_del_at_174	855.a3m	170.624
C_del_at_13	856.a3m	14.4534
A_del_at_903	857.a3m	315.763
G_del_at_841	858.a3m	330.542
A_del_at_311	859.a3m	146.583
C_del_at_964	85.a3m	298.073
T_del_at_104	860.a3m	44.1022
T_del_at_398	861.a3m	222.349
A_del_at_709	862.a3m	254.09
T_del_at_271	863.a3m	170.749
G_del_at_351	864.a3m	171.866
C_del_at_562	865.a3m	327.987
A_del_at_962	866.a3m	314.522
C_del_at_543	867.a3m	295.33
G_del_at_31	868.a3m	9.13305
C_del_at_233	869.a3m	176.109
C_del_at_952	86.a3m	301.89
C_del_at_63	870.a3m	51.7244
A_del_at_698	871.a3m	305.094
G_del_at_649	872.a3m	306.879
G_del_at_15	873.a3m	10.0531
G_del_at_1004	874.a3m	311.811
C_del_at_690	875.a3m	290.35
A_del_at_1000	876.a3m	299.098
A_del_at_805	877.a3m	324.585
G_del_at_839	878.a3m	318.073
A_del_at_623	879.a3m	288.357
G_del_at_917	87.a3m	297.799
G_del_at_385	880.a3m	233.397
T_del_at_675	881.a3m	281.817
T_del_at_615	882.a3m	294.669
G_del_at_208	883.a3m	181.049
C_del_at_236	884.a3m	181.385
C_del_at_586	885.a3m	276.345
A_del_at_792	886.a3m	393.239
T_del_at_810	887.a3m	311.17
C_del_at_239	888.a3m	171.113
A_del_at_431	889.a3m	229.207
C_del_at_287	88.a3m	175.193
T_del_at_573	890.a3m	349.902
A_del_at_766	891.a3m	428.783
G_del_at_607	892.a3m	300.604
A_del_at_1018	893.a3m	316.246
G_del_at_879	894.a3m	337.547
C_del_at_667	895.a3m	294.086
G_del_at_878	896.a3m	331.212
A_del_at_850	897.a3m	306.836
C_del_at_697	898.a3m	272.537
T_del_at_283	899.a3m	173.473
A_del_at_60	89.a3m	57.3527
C_del_at_486	8.a3m	210.768
G_del_at_279	900.a3m	162.667
G_del_at_19	901.a3m	10.672
C_del_at_381	902.a3m	219.967
A_del_at_671	903.a3m	299.794
T_del_at_81	904.a3m	44.636
C_del_at_1009	905.a3m	300.756
G_del_at_859	906.a3m	292.012
C_del_at_276	907.a3m	174.601
T_del_at_506	908.a3m	205.316
T_del_at_485	909.a3m	209.624
T_del_at_401	90.a3m	220.025
T_del_at_470	910.a3m	215.003
C_del_at_23	911.a3m	14.0804
G_del_at_676	912.a3m	289.759
C_del_at_10	913.a3m	10.7236
T_del_at_518	914.a3m	327.016
G_del_at_813	915.a3m	334.546
G_del_at_595	916.a3m	313.948
A_del_at_358	917.a3m	178.243
G_del_at_733	918.a3m	248.921
G_del_at_28	919.a3m	10.4144
C_del_at_984	91.a3m	303.858
C_del_at_257	920.a3m	166.86
C_del_at_423	921.a3m	242.936
C_del_at_867	922.a3m	288.81
C_del_at_696	923.a3m	276.712
T_del_at_1007	924.a3m	297.566
G_del_at_371	925.a3m	234.722
C_del_at_865	926.a3m	309.4
G_del_at_427	927.a3m	223.845
A_del_at_1017	928.a3m	311.88
G_del_at_730	929.a3m	250.178
C_del_at_655	92.a3m	279.937
T_del_at_109	930.a3m	42.1442
G_del_at_513	931.a3m	206.675
G_del_at_396	932.a3m	236.011
C_del_at_946	933.a3m	307.627
C_del_at_827	934.a3m	365.727
G_del_at_731	935.a3m	248.193
T_del_at_41	936.a3m	45.6071
G_del_at_906	937.a3m	315.64
G_del_at_9	938.a3m	14.39
C_del_at_383	939.a3m	256.318
T_del_at_403	93.a3m	222.172
T_del_at_600	940.a3m	305.458
C_del_at_405	941.a3m	242.381
C_del_at_884	942.a3m	314.055
C_del_at_868	943.a3m	287.879
A_del_at_812	944.a3m	342.263
A_del_at_354	945.a3m	155.485
C_del_at_916	946.a3m	320.903
T_del_at_24	947.a3m	10.4133
C_del_at_327	948.a3m	166.115
G_del_at_273	949.a3m	170.426
G_del_at_782	94.a3m	369.337
A_del_at_907	950.a3m	314.894
T_del_at_285	951.a3m	176.991
C_del_at_144	952.a3m	187.009
T_del_at_436	953.a3m	224.073
G_del_at_460	954.a3m	215.931
T_del_at_290	955.a3m	182.582
A_del_at_62	956.a3m	43.72
A_del_at_958	957.a3m	303.984
A_del_at_918	958.a3m	297.477
A_del_at_575	959.a3m	327.232
G_del_at_973	95.a3m	318.259
C_del_at_191	960.a3m	159.578
A_del_at_694	961.a3m	299.471
G_del_at_220	962.a3m	171.366
A_del_at_639	963.a3m	260.802
C_del_at_171	964.a3m	183.761
C_del_at_80	965.a3m	42.7735
C_del_at_851	966.a3m	304.672
G_del_at_646	967.a3m	290.148
A_del_at_491	968.a3m	212.843
A_del_at_937	969.a3m	310.257
T_del_at_1008	96.a3m	303.716
T_del_at_255	970.a3m	144.846
T_del_at_834	971.a3m	317.286
T_del_at_552	972.a3m	320.089
C_del_at_759	973.a3m	435.555
T_del_at_402	974.a3m	223.606
A_del_at_185	975.a3m	165.51
C_del_at_548	976.a3m	237.46
C_del_at_267	977.a3m	165.233
T_del_at_370	978.a3m	280.14
A_del_at_125	979.a3m	44.9272
C_del_at_274	97.a3m	174.797
T_del_at_526	980.a3m	375.684
G_del_at_795	981.a3m	376.257
C_del_at_253	982.a3m	159.475
T_del_at_815	983.a3m	330.992
C_del_at_807	984.a3m	313.85
G_del_at_439	985.a3m	218.657
T_del_at_189	986.a3m	161.595
G_del_at_501	987.a3m	218.363
A_del_at_1014	988.a3m	314.019
T_del_at_496	989.a3m	211.233
G_del_at_329	98.a3m	173.076
C_del_at_452	990.a3m	237.998
A_del_at_860	991.a3m	306.278
C_del_at_569	992.a3m	346.868
G_del_at_256	993.a3m	145.68
G_del_at_666	994.a3m	296.628
G_del_at_194	995.a3m	180.393
G_del_at_519	996.a3m	317.718
A_del_at_768	997.a3m	400.833
A_del_at_627	998.a3m	315.759
A_del_at_463	999.a3m	232.558
T_del_at_207	99.a3m	159.847
G_del_at_262	9.a3m	167.236
