C_del_at_224	0.a3m	162.055
C_del_at_807	1000.a3m	337.598
G_del_at_439	1001.a3m	217.61
T_del_at_189	1002.a3m	160.152
G_del_at_501	1003.a3m	220.928
T_del_at_496	1004.a3m	221.675
C_del_at_452	1005.a3m	244.071
A_del_at_860	1006.a3m	305.779
C_del_at_569	1007.a3m	348.049
G_del_at_256	1008.a3m	144.798
G_del_at_666	1009.a3m	295.611
T_del_at_207	100.a3m	160.124
G_del_at_194	1010.a3m	182.3
G_del_at_519	1011.a3m	322.865
C_del_at_1023	1012.a3m	311.806
A_del_at_768	1013.a3m	393.46
A_del_at_627	1014.a3m	307.322
A_del_at_463	1015.a3m	233.486
T_del_at_363	1016.a3m	177.631
C_del_at_339	1017.a3m	155.89
G_del_at_159	1018.a3m	184.364
A_del_at_890	1019.a3m	301.545
A_del_at_872	101.a3m	321.187
C_del_at_987	1020.a3m	324.661
T_del_at_128	1021.a3m	47.8338
G_del_at_784	1022.a3m	375.87
T_del_at_376	1023.a3m	234.045
C_del_at_331	1024.a3m	165.886
C_del_at_902	1025.a3m	317.992
A_del_at_985	1026.a3m	324.7
C_del_at_656	1027.a3m	288.89
G_del_at_835	1028.a3m	324.526
G_del_at_412	1029.a3m	219.48
A_del_at_478	102.a3m	207.599
G_del_at_272	1030.a3m	166.442
C_del_at_497	1031.a3m	210.723
A_del_at_751	1032.a3m	462.939
A_del_at_876	1033.a3m	293.078
A_del_at_715	1034.a3m	259.565
G_del_at_48	1035.a3m	47.2057
T_del_at_67	1036.a3m	53.2872
C_del_at_1037	1037.a3m	301.615
C_del_at_409	1038.a3m	219.211
C_del_at_188	1039.a3m	170.257
A_del_at_152	103.a3m	177.366
T_del_at_225	1040.a3m	169.75
A_del_at_971	104.a3m	289.844
T_del_at_157	105.a3m	176.025
T_del_at_149	106.a3m	184.016
C_del_at_948	107.a3m	312.176
G_del_at_830	108.a3m	347.924
G_del_at_82	109.a3m	44.7198
A_del_at_858	10.a3m	308.925
G_del_at_894	110.a3m	318.799
C_del_at_769	111.a3m	398.599
G_del_at_610	112.a3m	283.213
A_del_at_999	113.a3m	328.907
C_del_at_624	114.a3m	309.176
G_del_at_49	115.a3m	47.8774
C_del_at_245	116.a3m	173.983
G_del_at_873	117.a3m	292.822
A_del_at_86	118.a3m	42.4197
G_del_at_800	119.a3m	364.533
C_del_at_790	11.a3m	363.952
G_del_at_619	120.a3m	267.498
C_del_at_702	121.a3m	245.164
T_del_at_794	122.a3m	370.819
A_del_at_182	123.a3m	180.748
A_del_at_956	124.a3m	307.702
T_del_at_294	125.a3m	154.135
A_del_at_928	126.a3m	328.593
G_del_at_495	127.a3m	209.42
A_del_at_688	128.a3m	285.154
A_del_at_1008	129.a3m	310.339
C_del_at_424	12.a3m	243.629
G_del_at_481	130.a3m	219.887
G_del_at_638	131.a3m	297.677
C_del_at_899	132.a3m	309.601
A_del_at_1030	133.a3m	284.712
A_del_at_739	134.a3m	428.825
A_del_at_153	135.a3m	180.122
A_del_at_578	136.a3m	275.308
G_del_at_734	137.a3m	249.192
G_del_at_322	138.a3m	181.48
G_del_at_618	139.a3m	263.989
C_del_at_318	13.a3m	186.27
A_del_at_520	140.a3m	323.201
A_del_at_163	141.a3m	159.501
T_del_at_968	142.a3m	295.993
C_del_at_378	143.a3m	229.859
T_del_at_998	144.a3m	320.747
G_del_at_323	145.a3m	183.956
G_del_at_652	146.a3m	268.309
C_del_at_898	147.a3m	317.547
C_del_at_468	148.a3m	213.672
C_del_at_630	149.a3m	310.915
T_del_at_819	14.a3m	329.372
T_del_at_752	150.a3m	447.577
A_del_at_201	151.a3m	177.912
A_del_at_450	152.a3m	242.897
A_del_at_302	153.a3m	187.365
A_del_at_156	154.a3m	186.386
A_del_at_776	155.a3m	352.463
T_del_at_1025	156.a3m	312.619
G_del_at_461	157.a3m	215.716
G_del_at_993	158.a3m	306.713
G_del_at_217	159.a3m	174.834
G_del_at_435	15.a3m	228.212
C_del_at_357	160.a3m	177.204
A_del_at_261	161.a3m	165.313
A_del_at_143	162.a3m	174.804
G_del_at_738	163.a3m	462.423
T_del_at_56	164.a3m	51.3537
A_del_at_931	165.a3m	312.114
T_del_at_1036	166.a3m	304.777
G_del_at_517	167.a3m	220.438
A_del_at_588	168.a3m	338.734
A_del_at_736	169.a3m	269.095
T_del_at_340	16.a3m	156.318
A_del_at_228	170.a3m	178.019
A_del_at_1040	171.a3m	319.405
C_del_at_726	172.a3m	246.376
T_del_at_1021	173.a3m	318.222
T_del_at_123	174.a3m	46.9126
G_del_at_1014	175.a3m	301.903
G_del_at_856	176.a3m	305.63
T_del_at_286	177.a3m	175.236
C_del_at_911	178.a3m	303.115
G_del_at_166	179.a3m	158.506
T_del_at_728	17.a3m	252.418
A_del_at_395	180.a3m	225.042
T_del_at_444	181.a3m	224.456
T_del_at_197	182.a3m	159.341
A_del_at_549	183.a3m	342.987
T_del_at_608	184.a3m	306.293
G_del_at_592	185.a3m	354.527
C_del_at_529	186.a3m	333.565
C_del_at_433	187.a3m	228.974
C_del_at_449	188.a3m	229.135
T_del_at_210	189.a3m	174.12
A_del_at_180	18.a3m	180.237
C_del_at_374	190.a3m	239.483
T_del_at_295	191.a3m	152.464
C_del_at_277	192.a3m	174.877
G_del_at_672	193.a3m	280.165
A_del_at_966	194.a3m	329.635
T_del_at_369	195.a3m	267.968
A_del_at_840	196.a3m	306.496
C_del_at_967	197.a3m	328.064
C_del_at_111	198.a3m	55.8049
T_del_at_348	199.a3m	169.98
C_del_at_765	19.a3m	369.067
A_del_at_167	1.a3m	164.843
G_del_at_480	200.a3m	215.07
C_del_at_284	201.a3m	163.641
A_del_at_503	202.a3m	210.904
C_del_at_888	203.a3m	317.594
A_del_at_536	204.a3m	302.082
T_del_at_346	205.a3m	156.558
G_del_at_651	206.a3m	268.954
A_del_at_763	207.a3m	394.745
C_del_at_425	208.a3m	244.558
T_del_at_365	209.a3m	257.303
C_del_at_941	20.a3m	317.493
A_del_at_994	210.a3m	312.872
T_del_at_809	211.a3m	331.188
T_del_at_650	212.a3m	296.476
G_del_at_855	213.a3m	313.071
G_del_at_970	214.a3m	308.023
G_del_at_713	215.a3m	247.974
T_del_at_923	216.a3m	311.778
C_del_at_793	217.a3m	375.982
T_del_at_45	218.a3m	55.3569
G_del_at_869	219.a3m	317.477
C_del_at_920	21.a3m	334.268
T_del_at_700	220.a3m	259.024
C_del_at_297	221.a3m	159.044
A_del_at_959	222.a3m	334.852
C_del_at_531	223.a3m	344.062
C_del_at_742	224.a3m	344.309
T_del_at_319	225.a3m	189.189
C_del_at_154	226.a3m	178.405
C_del_at_30	227.a3m	9.22281
G_del_at_877	228.a3m	291.566
C_del_at_640	229.a3m	263.855
A_del_at_910	22.a3m	313.57
T_del_at_1028	230.a3m	320.588
C_del_at_665	231.a3m	310.845
C_del_at_895	232.a3m	302.15
C_del_at_380	233.a3m	253.271
T_del_at_379	234.a3m	227.35
G_del_at_673	235.a3m	279.551
C_del_at_291	236.a3m	186.575
C_del_at_566	237.a3m	343.702
T_del_at_55	238.a3m	51.5317
A_del_at_955	239.a3m	304.115
G_del_at_184	23.a3m	176.219
T_del_at_78	240.a3m	42.7161
C_del_at_947	241.a3m	315.547
G_del_at_432	242.a3m	224.327
G_del_at_814	243.a3m	298.219
G_del_at_545	244.a3m	326.537
C_del_at_110	245.a3m	56.3441
C_del_at_94	246.a3m	44.6187
A_del_at_707	247.a3m	272.207
G_del_at_514	248.a3m	206.802
C_del_at_462	249.a3m	233.37
G_del_at_7	24.a3m	10.8599
G_del_at_974	250.a3m	301.886
G_del_at_527	251.a3m	340.884
G_del_at_775	252.a3m	405.471
G_del_at_882	253.a3m	313.666
C_del_at_451	254.a3m	240.222
G_del_at_226	255.a3m	165.774
C_del_at_936	256.a3m	299.332
C_del_at_944	257.a3m	305.739
G_del_at_957	258.a3m	326.96
C_del_at_889	259.a3m	316.435
A_del_at_186	25.a3m	194.312
C_del_at_571	260.a3m	326.993
T_del_at_237	261.a3m	168.503
C_del_at_817	262.a3m	309.646
A_del_at_757	263.a3m	403.023
C_del_at_780	264.a3m	401.404
T_del_at_581	265.a3m	252.618
C_del_at_457	266.a3m	217.995
T_del_at_421	267.a3m	219.62
T_del_at_945	268.a3m	318.144
C_del_at_227	269.a3m	170.059
G_del_at_411	26.a3m	217.654
A_del_at_282	270.a3m	172.267
T_del_at_268	271.a3m	161.438
A_del_at_803	272.a3m	361.73
G_del_at_686	273.a3m	288.823
C_del_at_116	274.a3m	45.2932
T_del_at_280	275.a3m	163.244
T_del_at_990	276.a3m	303.892
A_del_at_611	277.a3m	284.531
T_del_at_764	278.a3m	417.273
C_del_at_178	279.a3m	156.677
C_del_at_684	27.a3m	276.124
G_del_at_976	280.a3m	313.202
G_del_at_132	281.a3m	217.046
C_del_at_336	282.a3m	174.061
A_del_at_597	283.a3m	290.81
T_del_at_669	284.a3m	294.946
C_del_at_238	285.a3m	169.317
G_del_at_559	286.a3m	376.097
T_del_at_1039	287.a3m	319.217
C_del_at_1024	288.a3m	311.477
A_del_at_407	289.a3m	240.809
T_del_at_647	28.a3m	283.705
C_del_at_799	290.a3m	338.411
C_del_at_748	291.a3m	454.626
T_del_at_147	292.a3m	175.014
A_del_at_196	293.a3m	179.59
A_del_at_71	294.a3m	45.5808
A_del_at_992	295.a3m	306.021
G_del_at_837	296.a3m	327.757
G_del_at_521	297.a3m	357.986
T_del_at_1012	298.a3m	331.561
G_del_at_342	299.a3m	157.91
C_del_at_750	29.a3m	456.318
A_del_at_170	2.a3m	160.227
G_del_at_820	300.a3m	327.209
G_del_at_589	301.a3m	338.764
C_del_at_298	302.a3m	158.483
T_del_at_770	303.a3m	377.968
G_del_at_115	304.a3m	50.8321
C_del_at_37	305.a3m	9.58393
C_del_at_11	306.a3m	10.7092
C_del_at_387	307.a3m	214.08
C_del_at_343	308.a3m	153.692
G_del_at_438	309.a3m	217.786
G_del_at_250	30.a3m	163.886
T_del_at_1006	310.a3m	335.804
G_del_at_524	311.a3m	333.263
G_del_at_511	312.a3m	224.273
C_del_at_99	313.a3m	42.888
C_del_at_997	314.a3m	326.011
C_del_at_140	315.a3m	165.498
A_del_at_83	316.a3m	42.4865
C_del_at_664	317.a3m	309.785
T_del_at_278	318.a3m	153.367
T_del_at_943	319.a3m	316.041
T_del_at_823	31.a3m	339.286
T_del_at_712	320.a3m	230.416
G_del_at_129	321.a3m	187.649
C_del_at_164	322.a3m	170.525
G_del_at_796	323.a3m	393.187
G_del_at_181	324.a3m	179.283
C_del_at_939	325.a3m	304.733
A_del_at_914	326.a3m	304.246
C_del_at_458	327.a3m	216.036
G_del_at_1038	328.a3m	316.843
T_del_at_39	329.a3m	9.98268
G_del_at_204	32.a3m	160.011
A_del_at_557	330.a3m	294.231
A_del_at_862	331.a3m	298.834
A_del_at_875	332.a3m	292.282
A_del_at_798	333.a3m	367.416
G_del_at_235	334.a3m	168.12
T_del_at_885	335.a3m	312.09
A_del_at_631	336.a3m	265.084
G_del_at_1010	337.a3m	320.772
G_del_at_897	338.a3m	310.775
T_del_at_361	339.a3m	172.496
T_del_at_1015	33.a3m	320.899
G_del_at_6	340.a3m	10.9202
C_del_at_477	341.a3m	210.438
A_del_at_118	342.a3m	37.6296
T_del_at_558	343.a3m	344.7
T_del_at_131	344.a3m	210.61
G_del_at_587	345.a3m	287.417
A_del_at_88	346.a3m	44.007
T_del_at_896	347.a3m	311.652
G_del_at_861	348.a3m	296.601
A_del_at_193	349.a3m	159.827
T_del_at_160	34.a3m	169.363
C_del_at_965	350.a3m	303.202
C_del_at_386	351.a3m	215.727
C_del_at_1020	352.a3m	318.508
T_del_at_440	353.a3m	240.603
A_del_at_148	354.a3m	157.863
T_del_at_822	355.a3m	340.833
G_del_at_670	356.a3m	296.275
T_del_at_634	357.a3m	327.107
G_del_at_845	358.a3m	299.736
G_del_at_725	359.a3m	236.31
C_del_at_680	35.a3m	280.259
G_del_at_422	360.a3m	225.709
G_del_at_711	361.a3m	247.926
A_del_at_494	362.a3m	217.602
T_del_at_658	363.a3m	284.669
C_del_at_849	364.a3m	302.836
G_del_at_560	365.a3m	375.56
A_del_at_932	366.a3m	310.308
A_del_at_913	367.a3m	300.329
G_del_at_105	368.a3m	40.1764
T_del_at_579	369.a3m	246.989
T_del_at_864	36.a3m	309.211
T_del_at_720	370.a3m	268.411
A_del_at_781	371.a3m	403.811
C_del_at_214	372.a3m	173.916
C_del_at_173	373.a3m	181.034
C_del_at_779	374.a3m	402.575
T_del_at_570	375.a3m	329.805
C_del_at_215	376.a3m	172.318
T_del_at_821	377.a3m	337.722
A_del_at_234	378.a3m	165.326
A_del_at_774	379.a3m	399.264
C_del_at_269	37.a3m	168.067
A_del_at_760	380.a3m	395.609
C_del_at_36	381.a3m	9.15102
T_del_at_825	382.a3m	311.6
G_del_at_96	383.a3m	46.4081
A_del_at_718	384.a3m	248.566
T_del_at_791	385.a3m	361.85
C_del_at_493	386.a3m	228.494
A_del_at_980	387.a3m	300.447
C_del_at_356	388.a3m	179.726
C_del_at_430	389.a3m	195.352
C_del_at_270	38.a3m	169.52
C_del_at_251	390.a3m	156.394
G_del_at_806	391.a3m	320.077
G_del_at_246	392.a3m	151.353
A_del_at_533	393.a3m	318.497
T_del_at_621	394.a3m	278.993
G_del_at_417	395.a3m	233.03
A_del_at_89	396.a3m	44.3638
C_del_at_949	397.a3m	318.652
G_del_at_824	398.a3m	309.266
G_del_at_540	399.a3m	347.697
T_del_at_912	39.a3m	313.273
C_del_at_34	3.a3m	9.62725
C_del_at_465	400.a3m	236.774
T_del_at_714	401.a3m	236.686
G_del_at_176	402.a3m	168.937
A_del_at_683	403.a3m	265.481
C_del_at_275	404.a3m	176.606
A_del_at_114	405.a3m	50.6744
C_del_at_200	406.a3m	180.537
G_del_at_1016	407.a3m	336.141
C_del_at_100	408.a3m	44.0228
A_del_at_787	409.a3m	349.027
G_del_at_818	40.a3m	337.351
G_del_at_951	410.a3m	317.568
A_del_at_1027	411.a3m	294.53
G_del_at_364	412.a3m	180.48
A_del_at_85	413.a3m	41.5375
T_del_at_635	414.a3m	324.061
C_del_at_321	415.a3m	140.009
G_del_at_44	416.a3m	51.7209
A_del_at_961	417.a3m	306.56
A_del_at_745	418.a3m	356.275
G_del_at_467	419.a3m	235.451
C_del_at_909	41.a3m	311.59
C_del_at_953	420.a3m	310.483
A_del_at_857	421.a3m	301.774
A_del_at_20	422.a3m	14.5827
T_del_at_1022	423.a3m	318.587
T_del_at_288	424.a3m	176.559
G_del_at_744	425.a3m	361.725
G_del_at_719	426.a3m	238.313
C_del_at_900	427.a3m	310.247
G_del_at_61	428.a3m	60.4062
C_del_at_328	429.a3m	167.876
C_del_at_79	42.a3m	43.5336
C_del_at_568	430.a3m	343.546
C_del_at_756	431.a3m	407.492
A_del_at_130	432.a3m	188.233
C_del_at_98	433.a3m	44.5227
A_del_at_392	434.a3m	246.409
G_del_at_3	435.a3m	14.8721
G_del_at_915	436.a3m	306.44
C_del_at_483	437.a3m	218.209
T_del_at_326	438.a3m	170.268
T_del_at_165	439.a3m	164.9
A_del_at_691	43.a3m	294.2
G_del_at_469	440.a3m	214.761
G_del_at_145	441.a3m	190.188
G_del_at_169	442.a3m	157.695
T_del_at_341	443.a3m	154.193
A_del_at_117	444.a3m	37.6208
C_del_at_722	445.a3m	253.743
C_del_at_886	446.a3m	302.479
A_del_at_25	447.a3m	9.46801
A_del_at_641	448.a3m	272.477
A_del_at_448	449.a3m	224.345
C_del_at_577	44.a3m	293.877
T_del_at_126	450.a3m	47.0859
A_del_at_1019	451.a3m	325.027
T_del_at_601	452.a3m	302.751
T_del_at_134	453.a3m	194.736
C_del_at_107	454.a3m	34.2434
C_del_at_922	455.a3m	311.15
C_del_at_305	456.a3m	174.806
G_del_at_1035	457.a3m	303.346
C_del_at_27	458.a3m	8.69678
G_del_at_801	459.a3m	363.625
T_del_at_97	45.a3m	45.1194
T_del_at_95	460.a3m	41.8241
C_del_at_390	461.a3m	243.16
T_del_at_337	462.a3m	171.69
C_del_at_138	463.a3m	168.862
A_del_at_701	464.a3m	257.779
A_del_at_373	465.a3m	237.15
C_del_at_455	466.a3m	243.264
C_del_at_828	467.a3m	360.214
C_del_at_585	468.a3m	276.052
T_del_at_516	469.a3m	219.346
C_del_at_749	46.a3m	453.901
A_del_at_773	470.a3m	401.782
C_del_at_1034	471.a3m	320.283
C_del_at_504	472.a3m	221.313
C_del_at_474	473.a3m	211.717
G_del_at_202	474.a3m	179.605
T_del_at_617	475.a3m	289.553
A_del_at_51	476.a3m	53.3379
G_del_at_626	477.a3m	339.547
T_del_at_831	478.a3m	342.047
G_del_at_366	479.a3m	263.894
C_del_at_101	47.a3m	43.5484
T_del_at_1033	480.a3m	317.062
T_del_at_65	481.a3m	54.4698
C_del_at_263	482.a3m	160.876
G_del_at_682	483.a3m	294.356
C_del_at_419	484.a3m	217.455
G_del_at_404	485.a3m	233.343
G_del_at_124	486.a3m	43.7678
C_del_at_891	487.a3m	319.686
T_del_at_695	488.a3m	310.064
C_del_at_637	489.a3m	325.804
T_del_at_642	48.a3m	269.791
G_del_at_335	490.a3m	169.447
C_del_at_530	491.a3m	338.293
T_del_at_487	492.a3m	213.665
C_del_at_534	493.a3m	321.603
G_del_at_429	494.a3m	197.857
G_del_at_550	495.a3m	344.863
T_del_at_428	496.a3m	240.338
A_del_at_408	497.a3m	239.214
C_del_at_296	498.a3m	160.628
T_del_at_633	499.a3m	329.113
A_del_at_716	49.a3m	259.654
C_del_at_206	4.a3m	177.119
C_del_at_242	500.a3m	165.353
C_del_at_315	501.a3m	193.858
A_del_at_359	502.a3m	179.287
G_del_at_609	503.a3m	286.933
A_del_at_659	504.a3m	294.631
G_del_at_187	505.a3m	200.531
G_del_at_247	506.a3m	152.19
G_del_at_603	507.a3m	302.972
T_del_at_345	508.a3m	155.176
C_del_at_310	509.a3m	150.9
A_del_at_316	50.a3m	190.015
A_del_at_299	510.a3m	158.777
A_del_at_887	511.a3m	300.201
T_del_at_119	512.a3m	40.0791
T_del_at_829	513.a3m	363.268
C_del_at_46	514.a3m	55.0416
T_del_at_544	515.a3m	295.842
A_del_at_32	516.a3m	10.6512
T_del_at_636	517.a3m	322.267
A_del_at_512	518.a3m	214.267
T_del_at_515	519.a3m	222.113
A_del_at_243	51.a3m	175.391
G_del_at_880	520.a3m	291.403
T_del_at_681	521.a3m	297.885
A_del_at_47	522.a3m	56.2008
T_del_at_332	523.a3m	170.912
G_del_at_108	524.a3m	41.3344
T_del_at_653	525.a3m	294.454
T_del_at_789	526.a3m	367.344
C_del_at_137	527.a3m	166.102
C_del_at_420	528.a3m	216.38
C_del_at_347	529.a3m	156.679
G_del_at_905	52.a3m	301.534
C_del_at_64	530.a3m	51.847
A_del_at_505	531.a3m	237.427
T_del_at_972	532.a3m	329.196
C_del_at_76	533.a3m	42.164
T_del_at_724	534.a3m	243.55
T_del_at_29	535.a3m	7.9094
T_del_at_400	536.a3m	225.669
A_del_at_593	537.a3m	316.268
G_del_at_747	538.a3m	432.494
A_del_at_598	539.a3m	294.715
A_del_at_551	53.a3m	313.866
A_del_at_1011	540.a3m	332.014
C_del_at_87	541.a3m	45.815
A_del_at_921	542.a3m	320.911
T_del_at_602	543.a3m	302.453
G_del_at_996	544.a3m	299.249
C_del_at_699	545.a3m	262.053
T_del_at_2	546.a3m	17.9214
C_del_at_464	547.a3m	237.34
C_del_at_708	548.a3m	253.832
A_del_at_740	549.a3m	371.834
A_del_at_70	54.a3m	45.0053
T_del_at_563	550.a3m	303.831
T_del_at_1017	551.a3m	308.118
A_del_at_704	552.a3m	256.229
C_del_at_446	553.a3m	229.517
A_del_at_122	554.a3m	41.3003
C_del_at_668	555.a3m	299.341
T_del_at_660	556.a3m	247.596
C_del_at_754	557.a3m	376.178
T_del_at_74	558.a3m	41.7942
A_del_at_418	559.a3m	231.685
G_del_at_554	55.a3m	313.747
C_del_at_17	560.a3m	3.55364
T_del_at_58	561.a3m	49.9894
C_del_at_678	562.a3m	281.704
G_del_at_919	563.a3m	318.954
T_del_at_434	564.a3m	228.101
G_del_at_622	565.a3m	292.544
A_del_at_54	566.a3m	51.5011
C_del_at_139	567.a3m	168.956
T_del_at_537	568.a3m	322.264
G_del_at_232	569.a3m	170.338
T_del_at_547	56.a3m	312.51
C_del_at_523	570.a3m	324.132
G_del_at_399	571.a3m	231.041
G_del_at_811	572.a3m	335.358
G_del_at_219	573.a3m	171.699
A_del_at_643	574.a3m	287.961
A_del_at_620	575.a3m	282.117
C_del_at_476	576.a3m	209.625
T_del_at_16	577.a3m	11.3981
T_del_at_384	578.a3m	229.644
C_del_at_454	579.a3m	238.829
A_del_at_5	57.a3m	11.1067
G_del_at_507	580.a3m	200.741
C_del_at_281	581.a3m	154.549
A_del_at_415	582.a3m	235.794
T_del_at_441	583.a3m	240.368
T_del_at_445	584.a3m	228.766
C_del_at_453	585.a3m	227.708
G_del_at_249	586.a3m	164.068
A_del_at_203	587.a3m	152.124
C_del_at_927	588.a3m	324.524
G_del_at_120	589.a3m	40.2095
T_del_at_783	58.a3m	437.07
A_del_at_628	590.a3m	312.614
C_del_at_732	591.a3m	258.172
A_del_at_871	592.a3m	323.675
C_del_at_212	593.a3m	173.732
G_del_at_538	594.a3m	333.956
T_del_at_710	595.a3m	245.22
T_del_at_426	596.a3m	224.487
A_del_at_320	597.a3m	189.786
G_del_at_375	598.a3m	242.371
T_del_at_995	599.a3m	309.682
G_del_at_729	59.a3m	252.917
C_del_at_991	5.a3m	304.316
T_del_at_679	600.a3m	283.017
C_del_at_489	601.a3m	200.79
A_del_at_344	602.a3m	168.66
C_del_at_657	603.a3m	284.309
A_del_at_1041	604.a3m	323.638
C_del_at_73	605.a3m	38.5211
G_del_at_771	606.a3m	389.845
C_del_at_59	607.a3m	19.6227
C_del_at_935	608.a3m	306.308
C_del_at_986	609.a3m	329.369
C_del_at_767	60.a3m	368.5
A_del_at_498	610.a3m	221.373
T_del_at_983	611.a3m	317.032
C_del_at_933	612.a3m	317.908
C_del_at_689	613.a3m	287.292
A_del_at_66	614.a3m	53.4491
C_del_at_541	615.a3m	348.47
C_del_at_38	616.a3m	16.3783
G_del_at_300	617.a3m	176.211
A_del_at_874	618.a3m	291.831
G_del_at_437	619.a3m	222.339
T_del_at_57	61.a3m	51.1089
T_del_at_582	620.a3m	250.967
G_del_at_334	621.a3m	166.614
G_del_at_360	622.a3m	176.967
T_del_at_1002	623.a3m	336.259
A_del_at_802	624.a3m	365.495
C_del_at_362	625.a3m	177.019
C_del_at_406	626.a3m	242.5
C_del_at_833	627.a3m	349.074
A_del_at_893	628.a3m	311.28
A_del_at_352	629.a3m	168.707
G_del_at_677	62.a3m	288.616
C_del_at_260	630.a3m	151.996
T_del_at_979	631.a3m	298.801
T_del_at_606	632.a3m	309.622
A_del_at_488	633.a3m	212.346
C_del_at_254	634.a3m	156.567
G_del_at_151	635.a3m	179.341
G_del_at_289	636.a3m	174.707
C_del_at_717	637.a3m	252.839
T_del_at_616	638.a3m	294.22
G_del_at_816	639.a3m	313.51
A_del_at_75	63.a3m	41.659
C_del_at_211	640.a3m	173.06
T_del_at_940	641.a3m	304.106
C_del_at_572	642.a3m	326.662
C_del_at_509	643.a3m	189.612
C_del_at_762	644.a3m	399.117
C_del_at_162	645.a3m	146.998
G_del_at_355	646.a3m	156.741
C_del_at_753	647.a3m	372.537
C_del_at_447	648.a3m	225.727
A_del_at_52	649.a3m	52.5852
G_del_at_1003	64.a3m	331.224
A_del_at_1004	650.a3m	315.091
G_del_at_785	651.a3m	378.267
A_del_at_977	652.a3m	307.55
G_del_at_661	653.a3m	292.609
C_del_at_502	654.a3m	239.531
G_del_at_175	655.a3m	169.019
G_del_at_565	656.a3m	331.871
G_del_at_654	657.a3m	284.76
T_del_at_685	658.a3m	272.862
C_del_at_102	659.a3m	43.7571
A_del_at_50	65.a3m	51.2198
C_del_at_248	660.a3m	173.407
A_del_at_443	661.a3m	219.835
G_del_at_317	662.a3m	190.937
G_del_at_648	663.a3m	308.485
T_del_at_330	664.a3m	164.767
C_del_at_40	665.a3m	9.82275
T_del_at_1001	666.a3m	304.594
C_del_at_192	667.a3m	161.848
G_del_at_91	668.a3m	50.9679
A_del_at_614	669.a3m	342.643
C_del_at_106	66.a3m	34.8042
T_del_at_786	670.a3m	351.339
A_del_at_662	671.a3m	273.807
A_del_at_258	672.a3m	151.763
C_del_at_292	673.a3m	188.025
C_del_at_528	674.a3m	340.589
T_del_at_866	675.a3m	327.15
T_del_at_590	676.a3m	332.818
T_del_at_92	677.a3m	44.5501
A_del_at_594	678.a3m	315.82
C_del_at_190	679.a3m	159.884
A_del_at_72	67.a3m	45.553
C_del_at_293	680.a3m	188.608
A_del_at_553	681.a3m	332.434
G_del_at_938	682.a3m	294.706
T_del_at_674	683.a3m	284.618
G_del_at_158	684.a3m	183.103
G_del_at_743	685.a3m	363.246
C_del_at_604	686.a3m	316.867
A_del_at_625	687.a3m	304.345
T_del_at_687	688.a3m	249.952
A_del_at_629	689.a3m	308.819
G_del_at_333	68.a3m	167.607
T_del_at_183	690.a3m	201.277
C_del_at_35	691.a3m	9.59963
C_del_at_1005	692.a3m	336.872
C_del_at_309	693.a3m	147.048
G_del_at_135	694.a3m	190.433
C_del_at_372	695.a3m	176.475
C_del_at_471	696.a3m	214.553
T_del_at_307	697.a3m	174.943
C_del_at_472	698.a3m	215.076
G_del_at_564	699.a3m	325.947
C_del_at_535	69.a3m	329.718
C_del_at_306	6.a3m	171.443
A_del_at_84	700.a3m	41.8154
T_del_at_338	701.a3m	174.468
C_del_at_259	702.a3m	151.577
C_del_at_229	703.a3m	178.054
G_del_at_853	704.a3m	327.9
T_del_at_127	705.a3m	47.2708
C_del_at_723	706.a3m	254.962
G_del_at_313	707.a3m	161.287
C_del_at_482	708.a3m	218.602
T_del_at_613	709.a3m	341.818
G_del_at_797	70.a3m	394.807
C_del_at_264	710.a3m	161.029
C_del_at_901	711.a3m	305.688
T_del_at_325	712.a3m	168.863
A_del_at_842	713.a3m	305.714
G_del_at_142	714.a3m	173.602
T_del_at_410	715.a3m	218.268
G_del_at_904	716.a3m	304.387
G_del_at_908	717.a3m	308.333
C_del_at_459	718.a3m	217.174
A_del_at_490	719.a3m	212.01
C_del_at_221	71.a3m	160.424
G_del_at_746	720.a3m	341.933
A_del_at_788	721.a3m	347.189
G_del_at_492	722.a3m	209.869
T_del_at_93	723.a3m	43.9643
T_del_at_561	724.a3m	330.013
T_del_at_103	725.a3m	43.5554
T_del_at_77	726.a3m	43.6751
G_del_at_576	727.a3m	312.228
G_del_at_892	728.a3m	312.13
G_del_at_350	729.a3m	168.082
A_del_at_18	72.a3m	10.7685
C_del_at_741	730.a3m	335.088
C_del_at_832	731.a3m	347.496
C_del_at_368	732.a3m	238.28
G_del_at_663	733.a3m	266.282
A_del_at_308	734.a3m	177.449
C_del_at_1032	735.a3m	313.026
G_del_at_121	736.a3m	40.7854
G_del_at_542	737.a3m	345.523
G_del_at_772	738.a3m	390.45
C_del_at_735	739.a3m	268.011
A_del_at_703	73.a3m	256.329
C_del_at_777	740.a3m	393.488
C_del_at_413	741.a3m	237.632
G_del_at_612	742.a3m	357.737
T_del_at_21	743.a3m	13.3436
C_del_at_532	744.a3m	343.643
C_del_at_843	745.a3m	321.011
G_del_at_198	746.a3m	172.469
C_del_at_179	747.a3m	152.966
A_del_at_950	748.a3m	311.874
A_del_at_43	749.a3m	52.2027
C_del_at_580	74.a3m	247.077
C_del_at_567	750.a3m	317.591
C_del_at_804	751.a3m	343.882
A_del_at_978	752.a3m	308.545
T_del_at_706	753.a3m	278.669
T_del_at_240	754.a3m	155.723
T_del_at_218	755.a3m	172.154
A_del_at_113	756.a3m	50.4913
A_del_at_303	757.a3m	179.769
T_del_at_755	758.a3m	465.078
G_del_at_836	759.a3m	330.963
C_del_at_133	75.a3m	192.094
C_del_at_926	760.a3m	330.534
G_del_at_141	761.a3m	175.501
A_del_at_1	762.a3m	17.5279
G_del_at_1013	763.a3m	300.901
C_del_at_199	764.a3m	177.202
A_del_at_8	765.a3m	10.4657
C_del_at_382	766.a3m	216.83
G_del_at_205	767.a3m	154.331
A_del_at_1031	768.a3m	288.072
C_del_at_393	769.a3m	227.57
G_del_at_510	76.a3m	223.179
T_del_at_389	770.a3m	265.709
G_del_at_848	771.a3m	322.403
C_del_at_353	772.a3m	165.04
G_del_at_969	773.a3m	303.316
C_del_at_230	774.a3m	180.895
G_del_at_33	775.a3m	10.0686
A_del_at_155	776.a3m	186.601
C_del_at_883	777.a3m	310.339
T_del_at_136	778.a3m	186.248
G_del_at_349	779.a3m	167.198
G_del_at_960	77.a3m	303.885
A_del_at_231	780.a3m	168.989
A_del_at_727	781.a3m	264.973
A_del_at_301	782.a3m	181.74
C_del_at_1000	783.a3m	330.085
C_del_at_844	784.a3m	319.971
T_del_at_721	785.a3m	266.855
G_del_at_442	786.a3m	239.31
G_del_at_556	787.a3m	288.56
A_del_at_377	788.a3m	232.108
C_del_at_22	789.a3m	13.2275
C_del_at_223	78.a3m	160.4
A_del_at_367	790.a3m	265.5
G_del_at_4	791.a3m	14.8021
A_del_at_394	792.a3m	224.942
A_del_at_963	793.a3m	307.086
G_del_at_846	794.a3m	296.322
A_del_at_508	795.a3m	197.01
A_del_at_14	796.a3m	11.2594
T_del_at_161	797.a3m	170.052
A_del_at_195	798.a3m	181.436
C_del_at_216	799.a3m	173.618
C_del_at_988	79.a3m	324.251
C_del_at_847	7.a3m	310.02
A_del_at_146	800.a3m	183.427
T_del_at_479	801.a3m	212.336
C_del_at_870	802.a3m	311.696
G_del_at_596	803.a3m	311.588
A_del_at_881	804.a3m	291.921
C_del_at_942	805.a3m	321.216
C_del_at_574	806.a3m	346.418
G_del_at_69	807.a3m	31.9441
T_del_at_982	808.a3m	314.762
A_del_at_397	809.a3m	234.221
T_del_at_645	80.a3m	301.028
A_del_at_934	810.a3m	302.536
G_del_at_605	811.a3m	330.023
A_del_at_241	812.a3m	158.3
G_del_at_68	813.a3m	32.5054
C_del_at_930	814.a3m	300.18
C_del_at_693	815.a3m	301.205
C_del_at_466	816.a3m	240.864
C_del_at_222	817.a3m	160.952
T_del_at_808	818.a3m	331.846
C_del_at_53	819.a3m	51.5177
C_del_at_925	81.a3m	325.811
A_del_at_838	820.a3m	331.457
C_del_at_112	821.a3m	55.7785
C_del_at_172	822.a3m	182.033
A_del_at_954	823.a3m	308.698
A_del_at_416	824.a3m	230.662
G_del_at_456	825.a3m	217.057
A_del_at_168	826.a3m	163.196
C_del_at_388	827.a3m	212.044
A_del_at_391	828.a3m	237.731
A_del_at_484	829.a3m	222.373
G_del_at_475	82.a3m	216.569
C_del_at_266	830.a3m	162.228
G_del_at_826	831.a3m	325.27
G_del_at_312	832.a3m	158.494
A_del_at_539	833.a3m	301.195
C_del_at_213	834.a3m	175.429
G_del_at_644	835.a3m	279.642
G_del_at_473	836.a3m	218.53
G_del_at_314	837.a3m	157.434
A_del_at_854	838.a3m	319.731
G_del_at_12	839.a3m	12.3567
C_del_at_90	83.a3m	46.0407
C_del_at_252	840.a3m	157.746
C_del_at_209	841.a3m	176.704
C_del_at_705	842.a3m	274.468
C_del_at_555	843.a3m	332.069
C_del_at_499	844.a3m	218.379
C_del_at_632	845.a3m	283.171
C_del_at_758	846.a3m	401.395
T_del_at_981	847.a3m	312.629
A_del_at_863	848.a3m	295.662
A_del_at_975	849.a3m	313.927
A_del_at_852	84.a3m	327.22
T_del_at_324	850.a3m	170.703
A_del_at_599	851.a3m	290.25
T_del_at_150	852.a3m	193.617
T_del_at_1018	853.a3m	319.452
T_del_at_989	854.a3m	305.325
G_del_at_522	855.a3m	353.522
A_del_at_500	856.a3m	217.562
C_del_at_244	857.a3m	179.262
A_del_at_304	858.a3m	185.446
T_del_at_778	859.a3m	390.502
G_del_at_924	85.a3m	327.742
G_del_at_26	860.a3m	10.8575
A_del_at_929	861.a3m	324.657
T_del_at_584	862.a3m	342.743
C_del_at_265	863.a3m	163.889
A_del_at_583	864.a3m	246.372
T_del_at_737	865.a3m	355.335
C_del_at_525	866.a3m	306.652
T_del_at_177	867.a3m	160.657
C_del_at_414	868.a3m	231.046
G_del_at_42	869.a3m	48.5026
G_del_at_591	86.a3m	358.332
C_del_at_546	870.a3m	311.825
T_del_at_761	871.a3m	443.155
C_del_at_692	872.a3m	301.774
A_del_at_174	873.a3m	167.076
C_del_at_13	874.a3m	12.8043
A_del_at_903	875.a3m	308.728
G_del_at_841	876.a3m	304.09
A_del_at_311	877.a3m	149.505
T_del_at_104	878.a3m	44.2471
A_del_at_1029	879.a3m	289.352
C_del_at_964	87.a3m	304.564
T_del_at_398	880.a3m	204.305
A_del_at_709	881.a3m	252.698
T_del_at_271	882.a3m	164.068
G_del_at_351	883.a3m	172.502
C_del_at_562	884.a3m	328.346
A_del_at_962	885.a3m	304.293
C_del_at_543	886.a3m	296.718
G_del_at_31	887.a3m	9.23441
C_del_at_233	888.a3m	175.338
C_del_at_63	889.a3m	52.0627
C_del_at_952	88.a3m	303.758
A_del_at_698	890.a3m	304.883
G_del_at_649	891.a3m	304.759
G_del_at_15	892.a3m	10.0662
C_del_at_690	893.a3m	291.456
A_del_at_805	894.a3m	360.585
G_del_at_839	895.a3m	308.911
A_del_at_623	896.a3m	290.609
G_del_at_385	897.a3m	227.082
T_del_at_675	898.a3m	281.745
T_del_at_615	899.a3m	292.239
G_del_at_917	89.a3m	302.153
C_del_at_486	8.a3m	214.244
G_del_at_208	900.a3m	161.336
C_del_at_236	901.a3m	178.42
C_del_at_586	902.a3m	317.275
A_del_at_792	903.a3m	370.752
T_del_at_810	904.a3m	337.528
C_del_at_239	905.a3m	168.904
A_del_at_431	906.a3m	227.731
T_del_at_573	907.a3m	340.256
A_del_at_766	908.a3m	368.14
G_del_at_607	909.a3m	304.527
C_del_at_287	90.a3m	175.312
G_del_at_879	910.a3m	288.764
C_del_at_667	911.a3m	302.016
G_del_at_878	912.a3m	285.421
A_del_at_850	913.a3m	298.002
C_del_at_697	914.a3m	274.87
T_del_at_283	915.a3m	173.697
G_del_at_279	916.a3m	163.745
G_del_at_19	917.a3m	10.7605
C_del_at_381	918.a3m	256.279
A_del_at_671	919.a3m	295.648
A_del_at_60	91.a3m	57.3229
T_del_at_81	920.a3m	44.7901
C_del_at_1009	921.a3m	322.129
G_del_at_859	922.a3m	305.894
C_del_at_276	923.a3m	176.965
T_del_at_506	924.a3m	204.039
T_del_at_485	925.a3m	208.674
T_del_at_470	926.a3m	216.273
C_del_at_23	927.a3m	14.0474
G_del_at_676	928.a3m	269.159
C_del_at_10	929.a3m	10.7017
T_del_at_401	92.a3m	222.106
T_del_at_518	930.a3m	325.035
G_del_at_813	931.a3m	300.995
G_del_at_595	932.a3m	313.006
A_del_at_358	933.a3m	181.343
G_del_at_733	934.a3m	250.561
G_del_at_28	935.a3m	11.1261
C_del_at_257	936.a3m	166.168
C_del_at_423	937.a3m	240.147
C_del_at_867	938.a3m	311.241
C_del_at_696	939.a3m	275.81
C_del_at_984	93.a3m	314.012
T_del_at_1007	940.a3m	337.211
G_del_at_371	941.a3m	232.43
C_del_at_865	942.a3m	314.408
G_del_at_427	943.a3m	220.251
G_del_at_730	944.a3m	253.216
T_del_at_109	945.a3m	42.0403
G_del_at_513	946.a3m	205.419
G_del_at_396	947.a3m	236.606
C_del_at_946	948.a3m	314.254
C_del_at_827	949.a3m	357.758
C_del_at_655	94.a3m	273.841
G_del_at_731	950.a3m	247.337
T_del_at_41	951.a3m	47.2947
G_del_at_906	952.a3m	305.841
G_del_at_9	953.a3m	14.3948
C_del_at_383	954.a3m	260.787
T_del_at_600	955.a3m	303.163
C_del_at_405	956.a3m	242.751
C_del_at_884	957.a3m	317.141
C_del_at_868	958.a3m	313.449
A_del_at_812	959.a3m	316.04
T_del_at_403	95.a3m	222.184
A_del_at_354	960.a3m	153.636
C_del_at_916	961.a3m	304.966
T_del_at_24	962.a3m	9.57642
C_del_at_327	963.a3m	170.769
G_del_at_273	964.a3m	163.003
A_del_at_907	965.a3m	303.096
T_del_at_285	966.a3m	181.439
C_del_at_144	967.a3m	183.362
T_del_at_436	968.a3m	223.858
G_del_at_460	969.a3m	216.335
G_del_at_782	96.a3m	360.548
T_del_at_290	970.a3m	177.638
A_del_at_62	971.a3m	43.0433
A_del_at_958	972.a3m	331.94
A_del_at_918	973.a3m	320.522
A_del_at_575	974.a3m	329.952
C_del_at_191	975.a3m	160.58
A_del_at_694	976.a3m	300.523
G_del_at_220	977.a3m	170.693
A_del_at_639	978.a3m	264.627
C_del_at_171	979.a3m	180.477
G_del_at_973	97.a3m	298.49
C_del_at_80	980.a3m	43.4119
C_del_at_851	981.a3m	316.908
G_del_at_646	982.a3m	289.148
A_del_at_491	983.a3m	210.228
A_del_at_937	984.a3m	300.32
G_del_at_1026	985.a3m	297.944
T_del_at_255	986.a3m	144.836
T_del_at_834	987.a3m	329.168
T_del_at_552	988.a3m	327.436
C_del_at_759	989.a3m	380.758
C_del_at_274	98.a3m	175.163
T_del_at_402	990.a3m	225.782
A_del_at_185	991.a3m	186.35
C_del_at_548	992.a3m	228.25
C_del_at_267	993.a3m	164.46
T_del_at_370	994.a3m	271.497
A_del_at_125	995.a3m	43.1271
T_del_at_526	996.a3m	301.127
G_del_at_795	997.a3m	394.979
C_del_at_253	998.a3m	158.569
T_del_at_815	999.a3m	330.547
G_del_at_329	99.a3m	173.245
G_del_at_262	9.a3m	167.332
