A_del_at_280	0.a3m	241.316
G_del_at_161	100.a3m	102.174
A_del_at_335	101.a3m	180.091
T_del_at_244	102.a3m	72.8522
C_del_at_412	103.a3m	169.231
T_del_at_124	104.a3m	76.1453
G_del_at_196	105.a3m	100.041
G_del_at_545	106.a3m	161.578
C_del_at_94	107.a3m	129.665
A_del_at_214	108.a3m	96.363
G_del_at_269	109.a3m	252.875
G_del_at_379	10.a3m	150.388
C_del_at_462	110.a3m	184.305
G_del_at_527	111.a3m	167.757
T_del_at_237	112.a3m	57.7925
C_del_at_313	113.a3m	167.681
C_del_at_58	114.a3m	136.671
A_del_at_239	115.a3m	72.1697
C_del_at_432	116.a3m	163.873
T_del_at_168	117.a3m	140.196
C_del_at_370	118.a3m	162.261
C_del_at_178	119.a3m	71.0441
T_del_at_463	11.a3m	180.738
G_del_at_132	120.a3m	112.229
C_del_at_271	121.a3m	245.711
G_del_at_440	122.a3m	171.758
G_del_at_200	123.a3m	98.2539
T_del_at_208	124.a3m	91.2195
A_del_at_250	125.a3m	61.9529
C_del_at_51	126.a3m	73.3843
C_del_at_66	127.a3m	125.018
G_del_at_403	128.a3m	161.492
G_del_at_87	129.a3m	109.554
C_del_at_12	12.a3m	5.87589
T_del_at_235	130.a3m	70.1129
G_del_at_358	131.a3m	190.649
G_del_at_295	132.a3m	217.816
T_del_at_312	133.a3m	162.17
G_del_at_341	134.a3m	180.564
G_del_at_149	135.a3m	116.752
G_del_at_115	136.a3m	113.295
G_del_at_438	137.a3m	163.263
T_del_at_251	138.a3m	69.3628
G_del_at_126	139.a3m	111.616
A_del_at_398	13.a3m	162.931
A_del_at_289	140.a3m	214.249
T_del_at_278	141.a3m	240.696
C_del_at_25	142.a3m	7.2914
A_del_at_325	143.a3m	205.243
A_del_at_35	144.a3m	17.331
G_del_at_18	145.a3m	8.92841
T_del_at_107	146.a3m	120.086
C_del_at_458	147.a3m	165.914
A_del_at_151	148.a3m	118.325
A_del_at_436	149.a3m	170.087
A_del_at_137	14.a3m	117.522
G_del_at_337	150.a3m	206.02
T_del_at_39	151.a3m	13.8612
G_del_at_252	152.a3m	63.2284
A_del_at_154	153.a3m	128.914
C_del_at_470	154.a3m	172.193
T_del_at_131	155.a3m	132.598
T_del_at_144	156.a3m	133.548
G_del_at_294	157.a3m	211.618
C_del_at_249	158.a3m	65.0223
C_del_at_490	159.a3m	172.435
G_del_at_339	15.a3m	178.133
A_del_at_148	160.a3m	132.973
C_del_at_303	161.a3m	202.945
C_del_at_57	162.a3m	137.086
A_del_at_494	163.a3m	180.287
G_del_at_402	164.a3m	161.185
G_del_at_79	165.a3m	104.815
A_del_at_381	166.a3m	174.675
T_del_at_102	167.a3m	113.665
A_del_at_481	168.a3m	168.293
C_del_at_215	169.a3m	110.298
T_del_at_49	16.a3m	74.3719
G_del_at_99	170.a3m	124.44
A_del_at_101	171.a3m	119.951
A_del_at_315	172.a3m	178.817
C_del_at_103	173.a3m	115.381
A_del_at_477	174.a3m	167.747
G_del_at_318	175.a3m	170.224
G_del_at_347	176.a3m	199.286
C_del_at_356	177.a3m	196.994
C_del_at_201	178.a3m	94.9717
A_del_at_533	179.a3m	176.521
A_del_at_441	17.a3m	157.93
G_del_at_417	180.a3m	159.232
A_del_at_26	181.a3m	12.614
C_del_at_48	182.a3m	75.8293
C_del_at_465	183.a3m	165.925
A_del_at_375	184.a3m	160.718
T_del_at_138	185.a3m	101.886
G_del_at_209	186.a3m	96.1492
T_del_at_243	187.a3m	73.2228
C_del_at_55	188.a3m	73.5791
C_del_at_100	189.a3m	108.758
T_del_at_547	18.a3m	158.915
T_del_at_113	190.a3m	113.963
G_del_at_364	191.a3m	176.897
A_del_at_537	192.a3m	173.157
C_del_at_246	193.a3m	75.3755
A_del_at_23	194.a3m	6.86085
T_del_at_531	195.a3m	170.228
A_del_at_541	196.a3m	160.758
G_del_at_44	197.a3m	69.2146
C_del_at_300	198.a3m	196.405
G_del_at_88	199.a3m	109.247
C_del_at_225	19.a3m	65.1889
A_del_at_297	1.a3m	214.232
G_del_at_61	200.a3m	99.5149
T_del_at_446	201.a3m	161.197
G_del_at_3	202.a3m	12.9531
G_del_at_516	203.a3m	183.302
A_del_at_286	204.a3m	210.915
G_del_at_384	205.a3m	172.226
A_del_at_28	206.a3m	8.25214
A_del_at_482	207.a3m	169.709
T_del_at_165	208.a3m	131.462
A_del_at_150	209.a3m	123.319
A_del_at_72	20.a3m	128.03
A_del_at_120	210.a3m	109.754
G_del_at_145	211.a3m	135.553
C_del_at_411	212.a3m	166.332
G_del_at_169	213.a3m	144.002
A_del_at_117	214.a3m	121.429
G_del_at_319	215.a3m	171.853
A_del_at_479	216.a3m	172.692
C_del_at_27	217.a3m	7.43216
T_del_at_504	218.a3m	164.497
C_del_at_439	219.a3m	163.488
A_del_at_540	21.a3m	163.278
C_del_at_390	220.a3m	168.051
G_del_at_324	221.a3m	205.723
A_del_at_134	222.a3m	108.354
C_del_at_163	223.a3m	123.87
G_del_at_65	224.a3m	111.018
A_del_at_373	225.a3m	175.52
G_del_at_447	226.a3m	157.419
G_del_at_431	227.a3m	168.781
T_del_at_159	228.a3m	108.48
G_del_at_483	229.a3m	164.41
T_del_at_512	22.a3m	167.799
A_del_at_526	230.a3m	169.725
C_del_at_282	231.a3m	229.072
A_del_at_523	232.a3m	162.966
T_del_at_125	233.a3m	76.8926
G_del_at_493	234.a3m	178.615
G_del_at_30	235.a3m	16.8771
A_del_at_380	236.a3m	173.185
G_del_at_429	237.a3m	164.98
T_del_at_309	238.a3m	199.297
A_del_at_238	239.a3m	71.6578
G_del_at_382	23.a3m	172.376
A_del_at_548	240.a3m	158.927
A_del_at_74	241.a3m	124.49
T_del_at_345	242.a3m	192.119
A_del_at_299	243.a3m	206.626
A_del_at_194	244.a3m	105.69
G_del_at_73	245.a3m	127.781
T_del_at_10	246.a3m	10.1037
T_del_at_352	247.a3m	203.617
C_del_at_46	248.a3m	61.2243
G_del_at_63	249.a3m	111.915
T_del_at_86	24.a3m	118.822
A_del_at_11	250.a3m	9.15911
T_del_at_544	251.a3m	164.392
G_del_at_392	252.a3m	181.551
T_del_at_8	253.a3m	10.1439
A_del_at_433	254.a3m	165.487
T_del_at_332	255.a3m	193.716
A_del_at_164	256.a3m	109.223
T_del_at_530	257.a3m	169.421
C_del_at_64	258.a3m	115.344
C_del_at_355	259.a3m	195.236
C_del_at_109	25.a3m	115.905
C_del_at_9	260.a3m	10.0583
T_del_at_29	261.a3m	15.8927
A_del_at_426	262.a3m	166.826
A_del_at_326	263.a3m	204.499
A_del_at_410	264.a3m	158.644
T_del_at_2	265.a3m	8.55671
C_del_at_464	266.a3m	170.297
C_del_at_350	267.a3m	202.823
G_del_at_189	268.a3m	97.771
C_del_at_330	269.a3m	194.376
C_del_at_90	26.a3m	108.1
A_del_at_122	270.a3m	105.192
A_del_at_328	271.a3m	177.921
T_del_at_202	272.a3m	96.3772
T_del_at_317	273.a3m	175.107
G_del_at_261	274.a3m	238.052
A_del_at_227	275.a3m	85.2231
A_del_at_162	276.a3m	102.714
A_del_at_521	277.a3m	175.294
C_del_at_445	278.a3m	165.709
G_del_at_257	279.a3m	60.2171
C_del_at_488	27.a3m	161.733
T_del_at_543	280.a3m	163.929
C_del_at_476	281.a3m	164.642
C_del_at_281	282.a3m	228.35
A_del_at_106	283.a3m	116.194
C_del_at_453	284.a3m	160.175
C_del_at_220	285.a3m	114.355
C_del_at_212	286.a3m	97.5055
C_del_at_487	287.a3m	164.672
A_del_at_460	288.a3m	164.699
G_del_at_538	289.a3m	176.154
T_del_at_301	28.a3m	193.889
A_del_at_534	290.a3m	175.554
G_del_at_305	291.a3m	194.286
G_del_at_369	292.a3m	160.135
C_del_at_153	293.a3m	140.33
C_del_at_422	294.a3m	162.704
A_del_at_498	295.a3m	175.155
C_del_at_32	296.a3m	17.3358
G_del_at_334	297.a3m	190.386
A_del_at_206	298.a3m	93.8663
G_del_at_360	299.a3m	183.571
G_del_at_329	29.a3m	187.715
C_del_at_424	2.a3m	163.31
C_del_at_406	300.a3m	157.715
G_del_at_270	301.a3m	254.768
C_del_at_475	302.a3m	164.207
G_del_at_24	303.a3m	6.68356
G_del_at_234	304.a3m	71.8735
C_del_at_509	305.a3m	169.858
T_del_at_70	306.a3m	133.975
C_del_at_316	307.a3m	160.567
C_del_at_288	308.a3m	210.027
C_del_at_20	309.a3m	7.89908
A_del_at_478	30.a3m	167.194
C_del_at_273	310.a3m	244.134
A_del_at_473	311.a3m	155.42
G_del_at_175	312.a3m	76.6129
C_del_at_147	313.a3m	120.138
C_del_at_54	314.a3m	73.4151
T_del_at_306	315.a3m	204.164
G_del_at_254	316.a3m	63.2076
C_del_at_52	317.a3m	73.3934
C_del_at_228	318.a3m	83.2061
G_del_at_336	319.a3m	203.15
A_del_at_152	31.a3m	121.711
C_del_at_292	320.a3m	213.844
C_del_at_279	321.a3m	239.21
T_del_at_198	322.a3m	98.4015
C_del_at_528	323.a3m	172.74
A_del_at_489	324.a3m	171.913
G_del_at_174	325.a3m	74.0096
C_del_at_190	326.a3m	97.7965
C_del_at_418	327.a3m	156.416
C_del_at_421	328.a3m	163.711
C_del_at_467	329.a3m	163.092
A_del_at_457	32.a3m	155.5
A_del_at_80	330.a3m	121.299
G_del_at_112	331.a3m	108.878
G_del_at_267	332.a3m	277.734
A_del_at_383	333.a3m	171.459
A_del_at_454	334.a3m	154.54
T_del_at_183	335.a3m	55.9936
T_del_at_170	336.a3m	106.98
G_del_at_135	337.a3m	113.107
C_del_at_372	338.a3m	175.655
G_del_at_266	339.a3m	275.385
C_del_at_187	33.a3m	98.5884
C_del_at_471	340.a3m	171.927
C_del_at_472	341.a3m	169.519
G_del_at_474	342.a3m	167.041
C_del_at_258	343.a3m	64.8279
T_del_at_338	344.a3m	211.181
G_del_at_353	345.a3m	215.322
C_del_at_264	346.a3m	261.776
A_del_at_56	347.a3m	78.9952
G_del_at_118	348.a3m	122.552
T_del_at_204	349.a3m	90.4151
T_del_at_157	34.a3m	109.012
G_del_at_142	350.a3m	114.785
C_del_at_160	351.a3m	109.608
T_del_at_260	352.a3m	227.351
G_del_at_167	353.a3m	117.097
C_del_at_459	354.a3m	165.471
A_del_at_21	355.a3m	7.31878
C_del_at_240	356.a3m	76.9858
T_del_at_284	357.a3m	231.912
G_del_at_236	358.a3m	73.859
A_del_at_221	359.a3m	100.812
C_del_at_524	35.a3m	166.652
T_del_at_505	360.a3m	165.533
G_del_at_492	361.a3m	181.772
A_del_at_259	362.a3m	61.53
T_del_at_93	363.a3m	102.996
T_del_at_181	364.a3m	70.9457
A_del_at_485	365.a3m	168.283
T_del_at_287	366.a3m	218.146
A_del_at_291	367.a3m	215.314
T_del_at_357	368.a3m	185.219
A_del_at_455	369.a3m	155.429
G_del_at_82	36.a3m	102.099
T_del_at_139	370.a3m	102.6
T_del_at_129	371.a3m	94.8478
G_del_at_242	372.a3m	61.4345
C_del_at_532	373.a3m	172.59
G_del_at_186	374.a3m	82.9805
T_del_at_173	375.a3m	89.0645
C_del_at_179	376.a3m	70.8774
C_del_at_290	377.a3m	231.109
A_del_at_43	378.a3m	85.3083
T_del_at_218	379.a3m	125.335
C_del_at_95	37.a3m	130.058
A_del_at_444	380.a3m	159.471
G_del_at_141	381.a3m	114.606
G_del_at_37	382.a3m	14.683
C_del_at_391	383.a3m	165.098
C_del_at_255	384.a3m	61.9395
A_del_at_1	385.a3m	10.0407
A_del_at_486	386.a3m	167.222
G_del_at_205	387.a3m	93.0207
T_del_at_495	388.a3m	178.162
C_del_at_393	389.a3m	172.87
T_del_at_435	38.a3m	171.127
T_del_at_389	390.a3m	183.824
A_del_at_7	391.a3m	9.8632
G_del_at_33	392.a3m	20.0078
T_del_at_136	393.a3m	105.508
G_del_at_349	394.a3m	205.041
C_del_at_351	395.a3m	203.593
G_del_at_442	396.a3m	157.358
T_del_at_331	397.a3m	192.402
A_del_at_377	398.a3m	162.188
C_del_at_22	399.a3m	7.29985
G_del_at_133	39.a3m	109.364
T_del_at_192	3.a3m	101.287
G_del_at_4	400.a3m	12.8452
A_del_at_394	401.a3m	169.669
G_del_at_248	402.a3m	86.6275
A_del_at_508	403.a3m	177.078
A_del_at_14	404.a3m	8.28963
C_del_at_216	405.a3m	107.412
A_del_at_146	406.a3m	118.916
G_del_at_195	407.a3m	101.816
C_del_at_16	408.a3m	9.17321
C_del_at_203	409.a3m	87.0888
A_del_at_230	40.a3m	86.7659
A_del_at_397	410.a3m	163.336
C_del_at_5	411.a3m	8.73631
A_del_at_111	412.a3m	110.085
A_del_at_241	413.a3m	64.6949
G_del_at_68	414.a3m	119.979
T_del_at_344	415.a3m	192.88
C_del_at_222	416.a3m	108.771
T_del_at_529	417.a3m	172.632
T_del_at_387	418.a3m	172.394
C_del_at_53	419.a3m	73.4845
C_del_at_245	41.a3m	75.3364
C_del_at_450	420.a3m	156.641
A_del_at_416	421.a3m	166.445
T_del_at_247	422.a3m	75.2188
T_del_at_314	423.a3m	203.338
C_del_at_388	424.a3m	172.243
A_del_at_484	425.a3m	165.968
A_del_at_539	426.a3m	159.4
G_del_at_114	427.a3m	113.431
T_del_at_333	428.a3m	195.691
C_del_at_213	429.a3m	95.6456
G_del_at_110	42.a3m	125.795
G_del_at_428	430.a3m	166.898
A_del_at_365	431.a3m	184.032
T_del_at_408	432.a3m	168.425
G_del_at_298	433.a3m	217.554
G_del_at_522	434.a3m	160.413
A_del_at_500	435.a3m	174.857
G_del_at_77	436.a3m	128.146
G_del_at_172	437.a3m	93.3222
A_del_at_217	438.a3m	106.021
A_del_at_304	439.a3m	204.274
A_del_at_430	43.a3m	168.199
C_del_at_78	440.a3m	129.539
T_del_at_293	441.a3m	206.891
C_del_at_265	442.a3m	259.916
C_del_at_6	443.a3m	9.70848
C_del_at_525	444.a3m	166.714
C_del_at_414	445.a3m	161.982
G_del_at_42	446.a3m	85.899
G_del_at_193	447.a3m	101.398
A_del_at_311	448.a3m	202.301
T_del_at_104	449.a3m	112.973
A_del_at_296	44.a3m	214.899
C_del_at_127	450.a3m	98.4792
T_del_at_491	451.a3m	167.213
G_del_at_34	452.a3m	19.9872
G_del_at_308	453.a3m	199.532
T_del_at_60	454.a3m	144.846
C_del_at_514	455.a3m	167.035
T_del_at_419	456.a3m	170.15
A_del_at_274	457.a3m	242.048
A_del_at_404	458.a3m	165.13
G_del_at_359	459.a3m	177.872
A_del_at_182	45.a3m	76.2752
G_del_at_15	460.a3m	10.8125
G_del_at_343	461.a3m	177.882
T_del_at_546	462.a3m	156.67
C_del_at_155	463.a3m	139.015
A_del_at_385	464.a3m	171.369
G_del_at_130	465.a3m	97.5796
C_del_at_91	466.a3m	106.506
A_del_at_363	467.a3m	173.554
G_del_at_499	468.a3m	175.682
A_del_at_98	469.a3m	101.474
G_del_at_83	46.a3m	101.447
C_del_at_69	470.a3m	134.356
T_del_at_81	471.a3m	109.367
C_del_at_510	472.a3m	173.873
C_del_at_276	473.a3m	237.788
T_del_at_506	474.a3m	166.126
T_del_at_75	475.a3m	128.94
C_del_at_507	476.a3m	176.423
T_del_at_466	477.a3m	172.594
C_del_at_423	478.a3m	164.695
A_del_at_13	479.a3m	8.33839
T_del_at_233	47.a3m	86.0431
G_del_at_371	480.a3m	183.427
A_del_at_451	481.a3m	161.053
G_del_at_427	482.a3m	165.914
C_del_at_456	483.a3m	153.007
G_del_at_497	484.a3m	178.91
C_del_at_434	485.a3m	180.664
C_del_at_366	486.a3m	166.771
G_del_at_128	487.a3m	125.718
G_del_at_396	488.a3m	161.005
A_del_at_361	489.a3m	187.513
A_del_at_399	48.a3m	162.408
A_del_at_542	490.a3m	162.49
T_del_at_41	491.a3m	90.9797
A_del_at_232	492.a3m	74.2261
T_del_at_105	493.a3m	116.396
C_del_at_407	494.a3m	153.009
C_del_at_519	495.a3m	172
G_del_at_40	496.a3m	13.8937
G_del_at_36	497.a3m	15.522
A_del_at_211	498.a3m	105.264
C_del_at_327	499.a3m	191.167
C_del_at_272	49.a3m	245.61
C_del_at_302	4.a3m	203.724
A_del_at_515	500.a3m	165.945
A_del_at_386	501.a3m	167.939
A_del_at_121	502.a3m	105.65
G_del_at_253	503.a3m	63.2621
G_del_at_362	504.a3m	172.7
C_del_at_92	505.a3m	108.598
G_del_at_400	506.a3m	164.365
C_del_at_367	507.a3m	167.617
A_del_at_62	508.a3m	138.732
G_del_at_420	509.a3m	171.344
G_del_at_47	50.a3m	82.9471
T_del_at_223	510.a3m	107.541
C_del_at_219	511.a3m	111.983
C_del_at_191	512.a3m	97.6237
A_del_at_437	513.a3m	168.335
A_del_at_262	514.a3m	233.473
G_del_at_378	515.a3m	151.2
C_del_at_85	516.a3m	120.129
G_del_at_496	517.a3m	179.001
G_del_at_401	518.a3m	162.292
A_del_at_535	519.a3m	171.595
T_del_at_176	51.a3m	85.8945
C_del_at_322	520.a3m	179.492
T_del_at_158	521.a3m	108.51
T_del_at_96	522.a3m	116.491
A_del_at_185	523.a3m	81.6432
A_del_at_17	524.a3m	7.77043
G_del_at_368	525.a3m	167.515
A_del_at_224	526.a3m	106.186
A_del_at_76	527.a3m	114.769
G_del_at_177	528.a3m	70.6452
T_del_at_19	529.a3m	7.52318
C_del_at_443	52.a3m	168.24
G_del_at_320	530.a3m	170.336
A_del_at_59	531.a3m	131.302
G_del_at_256	532.a3m	60.2429
A_del_at_283	533.a3m	229.067
C_del_at_97	534.a3m	115.652
G_del_at_45	535.a3m	69.0493
T_del_at_275	536.a3m	238.888
G_del_at_307	537.a3m	201.687
T_del_at_140	538.a3m	102.003
T_del_at_502	539.a3m	166.478
G_del_at_376	53.a3m	157.22
A_del_at_226	540.a3m	84.1812
T_del_at_513	541.a3m	166.903
T_del_at_342	542.a3m	182.454
T_del_at_38	543.a3m	13.9029
A_del_at_166	544.a3m	116.014
T_del_at_67	545.a3m	123.366
C_del_at_409	546.a3m	167.444
C_del_at_108	547.a3m	113.129
C_del_at_188	548.a3m	98.8911
A_del_at_310	54.a3m	201.705
G_del_at_323	55.a3m	204.637
T_del_at_156	56.a3m	106.882
A_del_at_321	57.a3m	182.737
A_del_at_501	58.a3m	173.804
G_del_at_461	59.a3m	167.791
A_del_at_452	5.a3m	156.879
A_del_at_116	60.a3m	122.236
A_del_at_143	61.a3m	119.121
A_del_at_413	62.a3m	170.016
G_del_at_171	63.a3m	93.7163
G_del_at_517	64.a3m	185.88
C_del_at_89	65.a3m	111.004
C_del_at_448	66.a3m	163.926
T_del_at_354	67.a3m	198.405
T_del_at_123	68.a3m	78.3487
G_del_at_119	69.a3m	123.86
G_del_at_184	6.a3m	93.4424
A_del_at_395	70.a3m	170.529
T_del_at_197	71.a3m	98.6641
C_del_at_285	72.a3m	211.672
T_del_at_84	73.a3m	118.112
A_del_at_549	74.a3m	160.515
C_del_at_71	75.a3m	34.503
G_del_at_405	76.a3m	154.778
C_del_at_469	77.a3m	172.787
A_del_at_263	78.a3m	227.889
C_del_at_449	79.a3m	163.379
T_del_at_229	7.a3m	81.2117
A_del_at_31	80.a3m	17.3522
T_del_at_210	81.a3m	62.6119
C_del_at_374	82.a3m	163.402
C_del_at_277	83.a3m	231.13
G_del_at_50	84.a3m	76.4201
C_del_at_511	85.a3m	170.058
T_del_at_348	86.a3m	206.672
G_del_at_480	87.a3m	172.635
A_del_at_503	88.a3m	170.583
C_del_at_520	89.a3m	172.716
A_del_at_268	8.a3m	279.714
C_del_at_231	90.a3m	58.2251
A_del_at_536	91.a3m	175.411
T_del_at_346	92.a3m	194.096
C_del_at_340	93.a3m	173.247
C_del_at_425	94.a3m	163.44
T_del_at_468	95.a3m	175.214
G_del_at_199	96.a3m	98.1772
C_del_at_207	97.a3m	91.0424
A_del_at_518	98.a3m	167.921
C_del_at_180	99.a3m	69.8359
G_del_at_415	9.a3m	155.12
