C_del_at_224	0.a3m	163.03
C_del_at_543	1000.a3m	291.162
G_del_at_31	1001.a3m	9.21799
C_del_at_233	1002.a3m	171.667
C_del_at_63	1003.a3m	51.6083
A_del_at_1176	1004.a3m	367.786
A_del_at_698	1005.a3m	299.687
G_del_at_649	1006.a3m	304.086
G_del_at_15	1007.a3m	10.0504
G_del_at_1004	1008.a3m	306.617
C_del_at_690	1009.a3m	289.945
C_del_at_964	100.a3m	304.316
A_del_at_1052	1010.a3m	322.505
A_del_at_805	1011.a3m	331.836
G_del_at_839	1012.a3m	299.567
A_del_at_623	1013.a3m	288.905
G_del_at_385	1014.a3m	233.549
T_del_at_675	1015.a3m	261.751
T_del_at_615	1016.a3m	294.946
G_del_at_1100	1017.a3m	311.209
G_del_at_208	1018.a3m	158.45
C_del_at_236	1019.a3m	182.017
G_del_at_1057	101.a3m	329.753
C_del_at_586	1020.a3m	323.021
C_del_at_1147	1021.a3m	377.942
G_del_at_1025	1022.a3m	321.251
A_del_at_792	1023.a3m	372.094
A_del_at_1046	1024.a3m	331.09
A_del_at_1108	1025.a3m	368.034
T_del_at_810	1026.a3m	357.456
C_del_at_239	1027.a3m	170.01
A_del_at_431	1028.a3m	230.588
T_del_at_573	1029.a3m	345.802
C_del_at_952	102.a3m	301.868
A_del_at_766	1030.a3m	364.034
G_del_at_607	1031.a3m	304.367
A_del_at_1018	1032.a3m	311.186
G_del_at_879	1033.a3m	315.565
C_del_at_667	1034.a3m	290.516
G_del_at_878	1035.a3m	316.722
A_del_at_850	1036.a3m	295.912
A_del_at_1061	1037.a3m	317.369
C_del_at_697	1038.a3m	275.77
T_del_at_283	1039.a3m	170.656
G_del_at_917	103.a3m	309.755
G_del_at_279	1040.a3m	162.344
C_del_at_1064	1041.a3m	336.15
G_del_at_19	1042.a3m	10.6791
C_del_at_381	1043.a3m	258.404
A_del_at_671	1044.a3m	298.927
T_del_at_81	1045.a3m	44.8547
C_del_at_1009	1046.a3m	322.717
G_del_at_859	1047.a3m	285.644
C_del_at_276	1048.a3m	173.762
T_del_at_506	1049.a3m	205.441
C_del_at_287	104.a3m	178.934
T_del_at_485	1050.a3m	207.588
T_del_at_470	1051.a3m	218.171
C_del_at_23	1052.a3m	14.1068
G_del_at_676	1053.a3m	283.505
C_del_at_10	1054.a3m	10.7619
T_del_at_518	1055.a3m	328.1
G_del_at_813	1056.a3m	314.254
G_del_at_595	1057.a3m	318.928
A_del_at_358	1058.a3m	179.033
A_del_at_1073	1059.a3m	339.718
A_del_at_60	105.a3m	58.1678
G_del_at_733	1060.a3m	253.956
T_del_at_1128	1061.a3m	386.043
G_del_at_28	1062.a3m	9.41363
C_del_at_257	1063.a3m	174.432
C_del_at_423	1064.a3m	239.079
C_del_at_867	1065.a3m	315.079
C_del_at_696	1066.a3m	275.9
G_del_at_371	1067.a3m	237.85
C_del_at_865	1068.a3m	315.097
G_del_at_427	1069.a3m	227.952
T_del_at_401	106.a3m	221.609
G_del_at_730	1070.a3m	251.791
T_del_at_1106	1071.a3m	393.733
T_del_at_109	1072.a3m	41.3001
G_del_at_513	1073.a3m	206.362
G_del_at_396	1074.a3m	234.087
C_del_at_946	1075.a3m	299.062
C_del_at_827	1076.a3m	368.667
G_del_at_731	1077.a3m	252
T_del_at_41	1078.a3m	46.6416
G_del_at_906	1079.a3m	322.256
C_del_at_984	107.a3m	318.123
G_del_at_9	1080.a3m	14.0525
C_del_at_383	1081.a3m	221.651
T_del_at_600	1082.a3m	302.541
C_del_at_405	1083.a3m	238.662
C_del_at_884	1084.a3m	313.666
C_del_at_868	1085.a3m	320.417
C_del_at_1138	1086.a3m	400.425
A_del_at_812	1087.a3m	328.082
A_del_at_354	1088.a3m	153.276
C_del_at_916	1089.a3m	302.421
C_del_at_655	108.a3m	277.199
T_del_at_1126	1090.a3m	371.937
T_del_at_24	1091.a3m	10.4181
C_del_at_327	1092.a3m	166.823
A_del_at_1141	1093.a3m	401.842
G_del_at_273	1094.a3m	164.331
G_del_at_1162	1095.a3m	396.18
A_del_at_907	1096.a3m	316.791
T_del_at_285	1097.a3m	177.224
C_del_at_144	1098.a3m	185.531
T_del_at_436	1099.a3m	223.9
T_del_at_403	109.a3m	220.836
A_del_at_858	10.a3m	286.564
G_del_at_460	1100.a3m	218.045
T_del_at_290	1101.a3m	179.921
A_del_at_62	1102.a3m	43.6409
A_del_at_958	1103.a3m	322.096
A_del_at_918	1104.a3m	315.149
A_del_at_575	1105.a3m	328.164
C_del_at_191	1106.a3m	165.436
G_del_at_1125	1107.a3m	405.43
A_del_at_694	1108.a3m	302.818
G_del_at_220	1109.a3m	170.469
G_del_at_782	110.a3m	363.765
A_del_at_639	1110.a3m	259.378
C_del_at_171	1111.a3m	183.404
C_del_at_80	1112.a3m	42.2017
C_del_at_851	1113.a3m	313.914
G_del_at_1063	1114.a3m	298.321
G_del_at_646	1115.a3m	287.245
A_del_at_491	1116.a3m	207.767
A_del_at_937	1117.a3m	322.427
T_del_at_255	1118.a3m	144.438
T_del_at_834	1119.a3m	326.152
G_del_at_973	111.a3m	306.625
T_del_at_552	1120.a3m	321.959
C_del_at_759	1121.a3m	392.362
T_del_at_402	1122.a3m	222.222
G_del_at_1053	1123.a3m	324.962
A_del_at_185	1124.a3m	190.674
C_del_at_548	1125.a3m	233.18
C_del_at_267	1126.a3m	164.433
T_del_at_370	1127.a3m	279.899
A_del_at_125	1128.a3m	47.4059
T_del_at_526	1129.a3m	365.894
C_del_at_274	112.a3m	174.608
A_del_at_1161	1130.a3m	392.729
G_del_at_795	1131.a3m	352.963
C_del_at_253	1132.a3m	156.283
T_del_at_815	1133.a3m	350.251
C_del_at_807	1134.a3m	351.503
G_del_at_439	1135.a3m	221.65
T_del_at_189	1136.a3m	158.798
G_del_at_501	1137.a3m	217.534
T_del_at_1035	1138.a3m	346.788
T_del_at_496	1139.a3m	211.048
G_del_at_329	113.a3m	171.433
C_del_at_452	1140.a3m	238.99
A_del_at_860	1141.a3m	311.674
C_del_at_569	1142.a3m	342.494
G_del_at_256	1143.a3m	142.068
T_del_at_1153	1144.a3m	412.876
T_del_at_1174	1145.a3m	378.192
C_del_at_1050	1146.a3m	325.008
G_del_at_666	1147.a3m	287.281
G_del_at_194	1148.a3m	177.6
G_del_at_519	1149.a3m	302.286
T_del_at_207	114.a3m	162.398
C_del_at_1023	1150.a3m	306.284
A_del_at_768	1151.a3m	387.324
A_del_at_627	1152.a3m	311.55
G_del_at_1017	1153.a3m	310.606
A_del_at_463	1154.a3m	230.007
T_del_at_363	1155.a3m	169.767
C_del_at_339	1156.a3m	163.007
G_del_at_159	1157.a3m	180.89
A_del_at_890	1158.a3m	324.348
C_del_at_987	1159.a3m	305.15
A_del_at_872	115.a3m	317.15
T_del_at_128	1160.a3m	46.8632
G_del_at_784	1161.a3m	362.371
T_del_at_376	1162.a3m	227.216
C_del_at_331	1163.a3m	164.54
C_del_at_902	1164.a3m	319.981
A_del_at_985	1165.a3m	313.022
C_del_at_656	1166.a3m	281.008
C_del_at_1175	1167.a3m	371.335
T_del_at_1122	1168.a3m	365.775
C_del_at_1127	1169.a3m	373.159
C_del_at_1030	116.a3m	316.344
G_del_at_835	1170.a3m	329.222
G_del_at_412	1171.a3m	210.804
G_del_at_272	1172.a3m	165.98
C_del_at_497	1173.a3m	200.229
A_del_at_751	1174.a3m	388.476
A_del_at_876	1175.a3m	307.606
A_del_at_715	1176.a3m	260.501
G_del_at_48	1177.a3m	46.4649
T_del_at_67	1178.a3m	55.015
C_del_at_409	1179.a3m	220.187
A_del_at_478	117.a3m	213.678
C_del_at_188	1180.a3m	169.881
T_del_at_225	1181.a3m	165.34
A_del_at_152	118.a3m	180.239
A_del_at_971	119.a3m	313.018
C_del_at_790	11.a3m	370.616
T_del_at_157	120.a3m	175.515
T_del_at_149	121.a3m	194.108
C_del_at_948	122.a3m	295.239
G_del_at_830	123.a3m	373.04
G_del_at_82	124.a3m	44.6295
A_del_at_1164	125.a3m	400.181
G_del_at_894	126.a3m	326.018
C_del_at_769	127.a3m	377.146
G_del_at_610	128.a3m	280.033
C_del_at_624	129.a3m	317.597
C_del_at_424	12.a3m	241.114
G_del_at_49	130.a3m	46.4645
C_del_at_245	131.a3m	175.06
C_del_at_1173	132.a3m	381.747
G_del_at_873	133.a3m	316.313
A_del_at_86	134.a3m	42.6379
G_del_at_800	135.a3m	323.959
G_del_at_619	136.a3m	267.897
C_del_at_702	137.a3m	250.279
T_del_at_794	138.a3m	412.395
A_del_at_182	139.a3m	179.981
C_del_at_318	13.a3m	188.399
A_del_at_956	140.a3m	299.202
T_del_at_294	141.a3m	155.645
A_del_at_928	142.a3m	318.103
G_del_at_495	143.a3m	207.263
A_del_at_688	144.a3m	289.884
T_del_at_1151	145.a3m	387.067
G_del_at_481	146.a3m	216.089
A_del_at_1084	147.a3m	310.298
G_del_at_638	148.a3m	291.672
C_del_at_899	149.a3m	319.733
G_del_at_1044	14.a3m	325.767
A_del_at_739	150.a3m	372.359
A_del_at_153	151.a3m	179.88
A_del_at_578	152.a3m	264.352
G_del_at_734	153.a3m	249.863
G_del_at_322	154.a3m	184.701
G_del_at_618	155.a3m	265.592
G_del_at_1107	156.a3m	391.422
A_del_at_520	157.a3m	294.419
A_del_at_163	158.a3m	158.639
T_del_at_968	159.a3m	322.944
T_del_at_819	15.a3m	319.415
C_del_at_378	160.a3m	227.292
C_del_at_1093	161.a3m	316.033
G_del_at_323	162.a3m	185.266
G_del_at_652	163.a3m	264.93
C_del_at_898	164.a3m	323.714
C_del_at_468	165.a3m	212.916
C_del_at_630	166.a3m	306.174
T_del_at_752	167.a3m	377.739
A_del_at_201	168.a3m	178.222
A_del_at_450	169.a3m	235.454
T_del_at_1005	16.a3m	326.346
A_del_at_302	170.a3m	176.966
A_del_at_156	171.a3m	186.318
A_del_at_776	172.a3m	387.631
G_del_at_461	173.a3m	218.836
G_del_at_1029	174.a3m	310.882
G_del_at_993	175.a3m	314.734
G_del_at_217	176.a3m	172.16
C_del_at_357	177.a3m	176.549
A_del_at_261	178.a3m	167.461
A_del_at_143	179.a3m	178.964
G_del_at_435	17.a3m	225.45
G_del_at_738	180.a3m	399.321
T_del_at_56	181.a3m	49.8753
A_del_at_931	182.a3m	314.723
G_del_at_517	183.a3m	221.199
C_del_at_1058	184.a3m	314.21
G_del_at_1015	185.a3m	299.552
A_del_at_588	186.a3m	342.72
A_del_at_736	187.a3m	262.386
A_del_at_228	188.a3m	179.222
C_del_at_726	189.a3m	248.36
T_del_at_340	18.a3m	157.191
T_del_at_1021	190.a3m	327.919
T_del_at_123	191.a3m	48.1759
G_del_at_856	192.a3m	326.578
T_del_at_286	193.a3m	174.439
C_del_at_911	194.a3m	308.768
A_del_at_1114	195.a3m	421.543
G_del_at_166	196.a3m	167.323
A_del_at_395	197.a3m	223.832
T_del_at_444	198.a3m	226.114
T_del_at_197	199.a3m	166.805
T_del_at_1148	19.a3m	404.394
A_del_at_167	1.a3m	159.174
A_del_at_549	200.a3m	344.056
A_del_at_1163	201.a3m	398.11
T_del_at_608	202.a3m	304.757
G_del_at_592	203.a3m	348.882
A_del_at_1007	204.a3m	308.445
C_del_at_529	205.a3m	340.5
C_del_at_433	206.a3m	229.87
C_del_at_449	207.a3m	229.947
T_del_at_210	208.a3m	174.181
C_del_at_374	209.a3m	241.35
T_del_at_728	20.a3m	251.648
T_del_at_295	210.a3m	155.851
C_del_at_277	211.a3m	174.381
G_del_at_672	212.a3m	281.568
A_del_at_966	213.a3m	315.402
T_del_at_369	214.a3m	285.079
C_del_at_996	215.a3m	300.985
G_del_at_1078	216.a3m	304.479
G_del_at_1045	217.a3m	328.375
A_del_at_840	218.a3m	329.627
C_del_at_967	219.a3m	313.341
A_del_at_180	21.a3m	179.141
C_del_at_111	220.a3m	57.4604
T_del_at_348	221.a3m	172.028
G_del_at_480	222.a3m	216.787
C_del_at_284	223.a3m	141.247
A_del_at_503	224.a3m	216.065
C_del_at_888	225.a3m	316.315
A_del_at_536	226.a3m	301.584
T_del_at_346	227.a3m	158.991
G_del_at_651	228.a3m	267.283
G_del_at_1085	229.a3m	311.84
C_del_at_765	22.a3m	363.03
A_del_at_763	230.a3m	416.819
C_del_at_425	231.a3m	245.868
T_del_at_365	232.a3m	232.937
A_del_at_994	233.a3m	315.258
T_del_at_809	234.a3m	352.767
T_del_at_650	235.a3m	292.605
G_del_at_855	236.a3m	325.38
G_del_at_970	237.a3m	319.591
G_del_at_713	238.a3m	246.349
T_del_at_923	239.a3m	303.327
C_del_at_941	23.a3m	315.883
C_del_at_793	240.a3m	373.33
T_del_at_45	241.a3m	53.9315
G_del_at_869	242.a3m	314.583
T_del_at_700	243.a3m	256.85
C_del_at_297	244.a3m	159.311
A_del_at_959	245.a3m	323.716
C_del_at_531	246.a3m	336.762
C_del_at_742	247.a3m	364.238
T_del_at_319	248.a3m	190.004
C_del_at_154	249.a3m	182.37
C_del_at_920	24.a3m	325.447
C_del_at_30	250.a3m	10.0891
G_del_at_877	251.a3m	303.504
C_del_at_640	252.a3m	262.367
C_del_at_665	253.a3m	301.039
C_del_at_895	254.a3m	307.397
C_del_at_380	255.a3m	258.283
T_del_at_379	256.a3m	232.961
A_del_at_1142	257.a3m	403.183
G_del_at_673	258.a3m	279.449
C_del_at_291	259.a3m	188.127
A_del_at_910	25.a3m	305.169
C_del_at_566	260.a3m	343.315
T_del_at_55	261.a3m	49.8131
A_del_at_955	262.a3m	297.883
T_del_at_78	263.a3m	42.3891
C_del_at_947	264.a3m	297.325
G_del_at_432	265.a3m	238.06
C_del_at_1133	266.a3m	389.457
G_del_at_814	267.a3m	313.014
G_del_at_545	268.a3m	329.778
C_del_at_110	269.a3m	59.1352
G_del_at_184	26.a3m	174.86
C_del_at_94	270.a3m	44.537
A_del_at_707	271.a3m	274.732
G_del_at_514	272.a3m	207.615
C_del_at_1169	273.a3m	397.546
C_del_at_462	274.a3m	231.644
T_del_at_999	275.a3m	301.93
G_del_at_974	276.a3m	306.742
G_del_at_527	277.a3m	341.087
G_del_at_775	278.a3m	356.94
G_del_at_882	279.a3m	311.063
G_del_at_7	27.a3m	10.8278
C_del_at_451	280.a3m	239.371
G_del_at_226	281.a3m	166.44
C_del_at_936	282.a3m	318.66
C_del_at_944	283.a3m	315.605
G_del_at_957	284.a3m	324.789
C_del_at_889	285.a3m	318.309
C_del_at_571	286.a3m	329.451
T_del_at_237	287.a3m	171.738
C_del_at_817	288.a3m	323.556
A_del_at_757	289.a3m	388.044
A_del_at_186	28.a3m	195.807
C_del_at_780	290.a3m	366.073
T_del_at_581	291.a3m	246.88
C_del_at_457	292.a3m	216.469
T_del_at_421	293.a3m	214.627
T_del_at_945	294.a3m	295.131
T_del_at_1065	295.a3m	331.214
A_del_at_1143	296.a3m	402.973
C_del_at_227	297.a3m	169.86
A_del_at_282	298.a3m	166.238
T_del_at_268	299.a3m	161.394
G_del_at_411	29.a3m	219.368
A_del_at_170	2.a3m	161.785
A_del_at_803	300.a3m	329.081
G_del_at_686	301.a3m	286.412
C_del_at_116	302.a3m	45.0215
T_del_at_280	303.a3m	162.443
T_del_at_990	304.a3m	320.471
C_del_at_1095	305.a3m	318.142
A_del_at_611	306.a3m	287.568
T_del_at_764	307.a3m	410.84
C_del_at_178	308.a3m	161.314
G_del_at_976	309.a3m	315.025
C_del_at_684	30.a3m	268.625
G_del_at_132	310.a3m	216.063
C_del_at_336	311.a3m	177.092
A_del_at_597	312.a3m	295.465
T_del_at_669	313.a3m	294.951
C_del_at_238	314.a3m	172.84
G_del_at_559	315.a3m	314.398
C_del_at_1024	316.a3m	312.253
A_del_at_407	317.a3m	238.699
C_del_at_799	318.a3m	337.288
C_del_at_748	319.a3m	387.946
T_del_at_647	31.a3m	286.457
T_del_at_147	320.a3m	180.846
A_del_at_196	321.a3m	181.262
A_del_at_71	322.a3m	43.4883
A_del_at_992	323.a3m	319.184
G_del_at_837	324.a3m	331.251
G_del_at_521	325.a3m	352.403
T_del_at_1012	326.a3m	309.732
G_del_at_342	327.a3m	158.777
G_del_at_820	328.a3m	316.656
A_del_at_1077	329.a3m	303.571
C_del_at_750	32.a3m	392.223
G_del_at_589	330.a3m	340.426
C_del_at_298	331.a3m	160.586
T_del_at_770	332.a3m	379.976
G_del_at_115	333.a3m	49.2868
C_del_at_37	334.a3m	15.6063
A_del_at_1145	335.a3m	406.185
C_del_at_11	336.a3m	10.793
G_del_at_1165	337.a3m	402.153
C_del_at_387	338.a3m	212.368
C_del_at_343	339.a3m	153.307
G_del_at_250	33.a3m	163.762
G_del_at_438	340.a3m	220.416
G_del_at_524	341.a3m	320.86
G_del_at_511	342.a3m	224.406
C_del_at_99	343.a3m	44.2367
C_del_at_997	344.a3m	301.021
C_del_at_140	345.a3m	173.9
G_del_at_1171	346.a3m	367.222
A_del_at_83	347.a3m	42.2703
C_del_at_664	348.a3m	295.512
T_del_at_278	349.a3m	153.913
T_del_at_823	34.a3m	338.963
T_del_at_943	350.a3m	319.603
G_del_at_1158	351.a3m	388.459
T_del_at_712	352.a3m	230.489
G_del_at_1067	353.a3m	326.514
G_del_at_129	354.a3m	190.765
C_del_at_164	355.a3m	168.583
G_del_at_796	356.a3m	342.528
G_del_at_181	357.a3m	179.895
C_del_at_939	358.a3m	291.756
T_del_at_1111	359.a3m	371.196
G_del_at_204	35.a3m	160.879
A_del_at_914	360.a3m	316.085
C_del_at_458	361.a3m	217.296
G_del_at_1038	362.a3m	344.573
T_del_at_39	363.a3m	9.79913
A_del_at_557	364.a3m	318.711
A_del_at_862	365.a3m	294.849
A_del_at_875	366.a3m	311.027
A_del_at_798	367.a3m	331.56
G_del_at_235	368.a3m	165.292
T_del_at_885	369.a3m	303.193
A_del_at_1037	36.a3m	309.316
A_del_at_631	370.a3m	273.24
G_del_at_1010	371.a3m	307.588
G_del_at_897	372.a3m	324.796
G_del_at_1152	373.a3m	410.011
T_del_at_361	374.a3m	175.073
G_del_at_6	375.a3m	11.6341
C_del_at_477	376.a3m	209.737
G_del_at_1072	377.a3m	294.043
A_del_at_118	378.a3m	37.9113
T_del_at_558	379.a3m	271.948
T_del_at_1056	37.a3m	337.047
T_del_at_131	380.a3m	206.925
G_del_at_587	381.a3m	284.78
A_del_at_1103	382.a3m	306.758
A_del_at_88	383.a3m	45.0363
T_del_at_896	384.a3m	308.278
G_del_at_861	385.a3m	296.858
A_del_at_193	386.a3m	162.118
A_del_at_1047	387.a3m	328.517
C_del_at_965	388.a3m	313.963
C_del_at_386	389.a3m	211.308
T_del_at_160	38.a3m	170.335
T_del_at_440	390.a3m	239.284
A_del_at_148	391.a3m	178.366
T_del_at_822	392.a3m	336.555
C_del_at_1076	393.a3m	317.889
G_del_at_670	394.a3m	296.364
T_del_at_634	395.a3m	323.85
G_del_at_1062	396.a3m	298.281
G_del_at_845	397.a3m	302.201
G_del_at_725	398.a3m	249.534
G_del_at_422	399.a3m	222.62
C_del_at_680	39.a3m	278.422
C_del_at_34	3.a3m	15.9611
G_del_at_711	400.a3m	305.87
C_del_at_1160	401.a3m	383.263
A_del_at_494	402.a3m	216.376
T_del_at_658	403.a3m	279.903
G_del_at_1001	404.a3m	314.111
C_del_at_849	405.a3m	294.878
G_del_at_560	406.a3m	318.485
A_del_at_932	407.a3m	312.133
G_del_at_1006	408.a3m	327.114
A_del_at_913	409.a3m	320.113
T_del_at_864	40.a3m	317.19
G_del_at_105	410.a3m	39.0229
T_del_at_579	411.a3m	246.849
T_del_at_720	412.a3m	266.157
A_del_at_781	413.a3m	366.256
C_del_at_214	414.a3m	173.32
C_del_at_173	415.a3m	183.212
C_del_at_779	416.a3m	390.626
T_del_at_570	417.a3m	331.951
C_del_at_215	418.a3m	170.277
A_del_at_1144	419.a3m	405.293
C_del_at_269	41.a3m	168.961
T_del_at_821	420.a3m	341.334
A_del_at_234	421.a3m	164.747
A_del_at_774	422.a3m	354.187
T_del_at_1096	423.a3m	318.999
A_del_at_760	424.a3m	402.324
C_del_at_36	425.a3m	15.5736
T_del_at_825	426.a3m	335.292
G_del_at_96	427.a3m	43.8307
C_del_at_1179	428.a3m	389.435
G_del_at_1119	429.a3m	399.436
C_del_at_1075	42.a3m	321.551
A_del_at_718	430.a3m	248.9
T_del_at_791	431.a3m	335.324
C_del_at_493	432.a3m	224.813
A_del_at_980	433.a3m	316.525
T_del_at_1132	434.a3m	415.91
C_del_at_356	435.a3m	176.075
C_del_at_430	436.a3m	192.817
C_del_at_251	437.a3m	159.328
C_del_at_1041	438.a3m	332.584
G_del_at_806	439.a3m	359.171
C_del_at_270	43.a3m	166.931
G_del_at_246	440.a3m	151.916
A_del_at_1028	441.a3m	310.971
A_del_at_533	442.a3m	315.202
T_del_at_621	443.a3m	281.363
G_del_at_417	444.a3m	228.505
A_del_at_89	445.a3m	44.7626
C_del_at_1113	446.a3m	425.121
C_del_at_949	447.a3m	299.604
G_del_at_824	448.a3m	384.657
G_del_at_540	449.a3m	349.673
T_del_at_912	44.a3m	317.607
C_del_at_465	450.a3m	235.133
T_del_at_714	451.a3m	235.372
G_del_at_176	452.a3m	169.085
A_del_at_683	453.a3m	291.855
C_del_at_275	454.a3m	174.734
T_del_at_1049	455.a3m	330.853
A_del_at_114	456.a3m	50.1576
C_del_at_200	457.a3m	176.208
C_del_at_100	458.a3m	43.9776
A_del_at_787	459.a3m	368.339
G_del_at_818	45.a3m	329.668
G_del_at_951	460.a3m	302.088
G_del_at_364	461.a3m	172.533
G_del_at_1080	462.a3m	305.292
A_del_at_1156	463.a3m	369.834
A_del_at_1159	464.a3m	388.893
A_del_at_85	465.a3m	41.5741
T_del_at_635	466.a3m	320.643
G_del_at_1027	467.a3m	324.101
C_del_at_321	468.a3m	140.52
C_del_at_1131	469.a3m	409.603
C_del_at_909	46.a3m	313.459
G_del_at_1032	470.a3m	329.278
G_del_at_44	471.a3m	48.1714
A_del_at_1034	472.a3m	333.084
A_del_at_961	473.a3m	313.661
A_del_at_745	474.a3m	365.027
G_del_at_467	475.a3m	233.948
C_del_at_953	476.a3m	302.499
A_del_at_857	477.a3m	314.251
A_del_at_20	478.a3m	13.9823
T_del_at_1022	479.a3m	327.767
C_del_at_79	47.a3m	43.1348
G_del_at_998	480.a3m	319.534
T_del_at_288	481.a3m	176.057
G_del_at_744	482.a3m	366.939
G_del_at_719	483.a3m	241.423
C_del_at_900	484.a3m	321.849
G_del_at_61	485.a3m	57.6138
C_del_at_328	486.a3m	168.344
C_del_at_568	487.a3m	323.705
C_del_at_756	488.a3m	388.101
A_del_at_130	489.a3m	188.645
A_del_at_691	48.a3m	290.407
C_del_at_98	490.a3m	44.0276
A_del_at_392	491.a3m	241.07
G_del_at_3	492.a3m	14.1142
G_del_at_915	493.a3m	315.625
C_del_at_483	494.a3m	219.227
T_del_at_326	495.a3m	170.572
T_del_at_165	496.a3m	166.648
G_del_at_469	497.a3m	214.064
G_del_at_145	498.a3m	181.601
G_del_at_169	499.a3m	160.914
C_del_at_577	49.a3m	338.574
C_del_at_206	4.a3m	162.022
T_del_at_341	500.a3m	155.309
A_del_at_117	501.a3m	37.7845
C_del_at_722	502.a3m	247.559
C_del_at_886	503.a3m	306.907
A_del_at_25	504.a3m	10.0701
A_del_at_641	505.a3m	275.577
A_del_at_448	506.a3m	226.092
T_del_at_126	507.a3m	47.4351
T_del_at_601	508.a3m	303.411
T_del_at_134	509.a3m	189.512
T_del_at_1154	50.a3m	409.784
C_del_at_107	510.a3m	33.3544
C_del_at_922	511.a3m	314.492
C_del_at_305	512.a3m	171.918
C_del_at_27	513.a3m	8.64285
G_del_at_801	514.a3m	325.628
T_del_at_95	515.a3m	45.162
A_del_at_1087	516.a3m	313.69
C_del_at_390	517.a3m	241.808
T_del_at_337	518.a3m	179.896
C_del_at_138	519.a3m	171.192
T_del_at_97	51.a3m	46.4234
A_del_at_1055	520.a3m	324.609
A_del_at_701	521.a3m	258.774
C_del_at_1048	522.a3m	321.673
A_del_at_373	523.a3m	236.703
C_del_at_455	524.a3m	238.136
C_del_at_828	525.a3m	372.11
C_del_at_585	526.a3m	276.579
T_del_at_516	527.a3m	222.456
A_del_at_773	528.a3m	355.608
C_del_at_504	529.a3m	223.453
C_del_at_749	52.a3m	382.689
C_del_at_474	530.a3m	218.324
G_del_at_202	531.a3m	180.885
T_del_at_617	532.a3m	295.054
A_del_at_51	533.a3m	52.4633
G_del_at_626	534.a3m	337.701
A_del_at_1116	535.a3m	421.03
T_del_at_831	536.a3m	357.215
G_del_at_366	537.a3m	245.105
T_del_at_65	538.a3m	53.8088
C_del_at_263	539.a3m	165.435
C_del_at_101	53.a3m	43.8952
A_del_at_1117	540.a3m	422.829
G_del_at_682	541.a3m	293.324
C_del_at_419	542.a3m	212.058
G_del_at_404	543.a3m	232.928
G_del_at_124	544.a3m	43.0155
C_del_at_891	545.a3m	309.457
T_del_at_695	546.a3m	313.23
C_del_at_637	547.a3m	329.852
G_del_at_335	548.a3m	166.703
C_del_at_530	549.a3m	335.344
T_del_at_642	54.a3m	268.928
T_del_at_487	550.a3m	210.508
C_del_at_534	551.a3m	323.009
G_del_at_429	552.a3m	193.514
G_del_at_550	553.a3m	341.556
T_del_at_428	554.a3m	244.847
A_del_at_408	555.a3m	238.756
C_del_at_296	556.a3m	158.116
C_del_at_1098	557.a3m	307.046
T_del_at_633	558.a3m	324.736
C_del_at_242	559.a3m	169.794
A_del_at_716	55.a3m	260.591
C_del_at_315	560.a3m	191.9
G_del_at_1074	561.a3m	311.947
A_del_at_359	562.a3m	178.503
G_del_at_609	563.a3m	280.813
A_del_at_659	564.a3m	290.13
G_del_at_187	565.a3m	190.095
G_del_at_247	566.a3m	149.162
G_del_at_603	567.a3m	307.603
T_del_at_345	568.a3m	156.435
C_del_at_310	569.a3m	151.361
A_del_at_316	56.a3m	193.301
A_del_at_299	570.a3m	156.825
A_del_at_887	571.a3m	313.497
T_del_at_119	572.a3m	38.6006
T_del_at_829	573.a3m	373.267
C_del_at_46	574.a3m	54.3727
T_del_at_544	575.a3m	292.615
A_del_at_32	576.a3m	10.6294
T_del_at_636	577.a3m	322.183
A_del_at_512	578.a3m	211.858
T_del_at_515	579.a3m	222.586
A_del_at_243	57.a3m	172.945
C_del_at_1105	580.a3m	319.766
G_del_at_880	581.a3m	314.334
G_del_at_1120	582.a3m	404.917
T_del_at_681	583.a3m	294.732
A_del_at_47	584.a3m	55.3485
T_del_at_332	585.a3m	166.337
G_del_at_108	586.a3m	43.1789
T_del_at_653	587.a3m	284.212
C_del_at_1059	588.a3m	312.698
T_del_at_789	589.a3m	367.373
C_del_at_1134	58.a3m	388.251
C_del_at_137	590.a3m	173.93
C_del_at_420	591.a3m	214.653
C_del_at_347	592.a3m	159.126
C_del_at_64	593.a3m	51.2464
T_del_at_1170	594.a3m	367.72
A_del_at_505	595.a3m	192.469
T_del_at_972	596.a3m	303.15
C_del_at_76	597.a3m	46.0856
T_del_at_724	598.a3m	247.277
T_del_at_29	599.a3m	7.91766
G_del_at_905	59.a3m	321.367
C_del_at_991	5.a3m	326.434
T_del_at_400	600.a3m	223.834
A_del_at_593	601.a3m	316.85
G_del_at_747	602.a3m	378.408
C_del_at_1011	603.a3m	323.675
A_del_at_598	604.a3m	293.244
C_del_at_87	605.a3m	46.6036
A_del_at_921	606.a3m	317.815
T_del_at_602	607.a3m	305.266
C_del_at_699	608.a3m	251.034
T_del_at_2	609.a3m	18.4518
A_del_at_551	60.a3m	319.476
C_del_at_464	610.a3m	237.886
C_del_at_708	611.a3m	258.7
A_del_at_740	612.a3m	371.022
T_del_at_563	613.a3m	307.289
A_del_at_704	614.a3m	265.161
C_del_at_446	615.a3m	223.65
A_del_at_122	616.a3m	43.0143
C_del_at_668	617.a3m	301.915
T_del_at_660	618.a3m	247.704
C_del_at_754	619.a3m	367.342
A_del_at_70	61.a3m	44.9227
T_del_at_74	620.a3m	44.0392
G_del_at_1088	621.a3m	327.158
A_del_at_418	622.a3m	229.951
G_del_at_1036	623.a3m	327.825
C_del_at_17	624.a3m	3.54907
T_del_at_58	625.a3m	49.8748
C_del_at_678	626.a3m	279.587
G_del_at_919	627.a3m	318.77
T_del_at_434	628.a3m	229.961
G_del_at_622	629.a3m	295.453
G_del_at_554	62.a3m	318.916
A_del_at_54	630.a3m	50.5452
C_del_at_139	631.a3m	167.141
G_del_at_1090	632.a3m	325.58
T_del_at_537	633.a3m	332.172
G_del_at_232	634.a3m	171.243
C_del_at_523	635.a3m	323.431
G_del_at_399	636.a3m	232.785
G_del_at_811	637.a3m	332.061
G_del_at_219	638.a3m	169.585
A_del_at_643	639.a3m	289.536
T_del_at_547	63.a3m	308.656
A_del_at_620	640.a3m	270.478
C_del_at_476	641.a3m	213.74
T_del_at_16	642.a3m	10.5562
T_del_at_1031	643.a3m	344.082
T_del_at_384	644.a3m	229.854
C_del_at_454	645.a3m	236.578
G_del_at_507	646.a3m	199.139
A_del_at_1099	647.a3m	312.57
C_del_at_281	648.a3m	153.04
A_del_at_415	649.a3m	236.378
A_del_at_5	64.a3m	11.1216
T_del_at_441	650.a3m	240.132
T_del_at_445	651.a3m	227.83
C_del_at_453	652.a3m	241.003
G_del_at_249	653.a3m	164
A_del_at_203	654.a3m	156.445
G_del_at_1110	655.a3m	391.608
C_del_at_927	656.a3m	312.748
G_del_at_120	657.a3m	41.4152
A_del_at_628	658.a3m	316.481
C_del_at_732	659.a3m	250.23
T_del_at_783	65.a3m	386.55
A_del_at_871	660.a3m	314.147
C_del_at_212	661.a3m	173.859
G_del_at_538	662.a3m	338.638
T_del_at_710	663.a3m	246.251
T_del_at_426	664.a3m	220.548
A_del_at_320	665.a3m	188.323
G_del_at_375	666.a3m	227.107
G_del_at_1136	667.a3m	374.332
T_del_at_995	668.a3m	310.206
T_del_at_679	669.a3m	280.126
G_del_at_729	66.a3m	252.907
C_del_at_489	670.a3m	196.113
A_del_at_344	671.a3m	168.084
C_del_at_657	672.a3m	278.517
C_del_at_73	673.a3m	41.2301
G_del_at_771	674.a3m	336.517
C_del_at_59	675.a3m	19.5809
C_del_at_935	676.a3m	320.834
C_del_at_986	677.a3m	310.407
A_del_at_498	678.a3m	223.026
T_del_at_983	679.a3m	335.888
A_del_at_1178	67.a3m	352.864
C_del_at_933	680.a3m	311.585
C_del_at_689	681.a3m	287.538
A_del_at_66	682.a3m	54.269
C_del_at_541	683.a3m	350.24
C_del_at_38	684.a3m	16.0104
C_del_at_1091	685.a3m	296.354
G_del_at_300	686.a3m	181.982
A_del_at_874	687.a3m	307.166
A_del_at_1069	688.a3m	320.003
G_del_at_437	689.a3m	218.046
C_del_at_767	68.a3m	417.485
T_del_at_582	690.a3m	247.78
G_del_at_334	691.a3m	167.661
C_del_at_1086	692.a3m	318.748
G_del_at_1167	693.a3m	402.058
G_del_at_360	694.a3m	178.837
A_del_at_802	695.a3m	327.536
C_del_at_362	696.a3m	176.42
C_del_at_406	697.a3m	242.163
C_del_at_833	698.a3m	349.608
A_del_at_893	699.a3m	322.632
T_del_at_57	69.a3m	48.6032
C_del_at_306	6.a3m	174.925
A_del_at_352	700.a3m	169.202
C_del_at_260	701.a3m	150.8
T_del_at_979	702.a3m	328.924
A_del_at_1033	703.a3m	332.797
T_del_at_606	704.a3m	307.801
A_del_at_488	705.a3m	208.613
C_del_at_254	706.a3m	156.01
G_del_at_151	707.a3m	180.178
G_del_at_289	708.a3m	178.623
C_del_at_717	709.a3m	253.928
G_del_at_677	70.a3m	284.224
T_del_at_616	710.a3m	294.551
A_del_at_1172	711.a3m	382.671
G_del_at_816	712.a3m	326.306
C_del_at_1135	713.a3m	394.494
C_del_at_211	714.a3m	172.836
A_del_at_1016	715.a3m	298.201
T_del_at_940	716.a3m	300.655
C_del_at_572	717.a3m	327.27
C_del_at_509	718.a3m	191.465
C_del_at_762	719.a3m	424.166
A_del_at_75	71.a3m	42.6503
C_del_at_162	720.a3m	150.747
G_del_at_355	721.a3m	154.999
C_del_at_753	722.a3m	364.648
C_del_at_447	723.a3m	230.11
A_del_at_52	724.a3m	53.0445
A_del_at_1182	725.a3m	385.527
G_del_at_785	726.a3m	361.412
G_del_at_1082	727.a3m	301.336
G_del_at_1020	728.a3m	319.186
A_del_at_977	729.a3m	322.333
A_del_at_50	72.a3m	52.9969
G_del_at_661	730.a3m	291.116
C_del_at_502	731.a3m	235.168
G_del_at_175	732.a3m	168.935
G_del_at_565	733.a3m	325.917
G_del_at_654	734.a3m	282.953
T_del_at_685	735.a3m	270.276
C_del_at_102	736.a3m	43.9415
C_del_at_248	737.a3m	168.357
A_del_at_443	738.a3m	225.302
G_del_at_317	739.a3m	171.997
C_del_at_106	73.a3m	34.243
G_del_at_648	740.a3m	304.75
T_del_at_330	741.a3m	165.771
C_del_at_40	742.a3m	9.96075
C_del_at_192	743.a3m	164.032
G_del_at_91	744.a3m	50.1283
A_del_at_614	745.a3m	336.645
T_del_at_786	746.a3m	364.186
A_del_at_662	747.a3m	273.706
A_del_at_1157	748.a3m	377.995
A_del_at_258	749.a3m	159.773
A_del_at_72	74.a3m	45.3221
C_del_at_292	750.a3m	194.771
C_del_at_528	751.a3m	336.825
T_del_at_866	752.a3m	321.536
T_del_at_590	753.a3m	286.158
G_del_at_1166	754.a3m	402.08
C_del_at_1060	755.a3m	317.088
T_del_at_92	756.a3m	44.4127
A_del_at_594	757.a3m	314.798
C_del_at_190	758.a3m	157.719
C_del_at_293	759.a3m	194.58
G_del_at_333	75.a3m	168.023
A_del_at_553	760.a3m	342.975
G_del_at_938	761.a3m	306.761
C_del_at_1168	762.a3m	401.386
T_del_at_674	763.a3m	282.054
G_del_at_158	764.a3m	180.706
G_del_at_743	765.a3m	371.768
A_del_at_1129	766.a3m	383.391
A_del_at_1115	767.a3m	423.631
C_del_at_604	768.a3m	315.63
G_del_at_1079	769.a3m	300.526
G_del_at_1081	76.a3m	297.007
A_del_at_625	770.a3m	306.107
A_del_at_1150	771.a3m	380.298
T_del_at_687	772.a3m	246.366
A_del_at_629	773.a3m	311.718
T_del_at_183	774.a3m	203.355
C_del_at_35	775.a3m	8.65589
C_del_at_309	776.a3m	151.278
G_del_at_135	777.a3m	189.884
C_del_at_372	778.a3m	179.381
T_del_at_1019	779.a3m	321.821
C_del_at_535	77.a3m	330.396
C_del_at_471	780.a3m	210.275
T_del_at_307	781.a3m	173.071
C_del_at_472	782.a3m	212.881
G_del_at_564	783.a3m	328.516
A_del_at_84	784.a3m	41.0426
T_del_at_338	785.a3m	178.401
C_del_at_259	786.a3m	159.516
C_del_at_229	787.a3m	176.453
G_del_at_853	788.a3m	333.486
T_del_at_127	789.a3m	47.3059
G_del_at_797	78.a3m	347.163
T_del_at_1043	790.a3m	333.113
C_del_at_723	791.a3m	252.651
G_del_at_1008	792.a3m	318.831
G_del_at_313	793.a3m	163.632
C_del_at_482	794.a3m	220.694
T_del_at_613	795.a3m	341.819
C_del_at_264	796.a3m	160.504
C_del_at_901	797.a3m	327.315
T_del_at_1140	798.a3m	371.933
T_del_at_325	799.a3m	164.49
A_del_at_1139	79.a3m	376.029
C_del_at_847	7.a3m	307.745
A_del_at_842	800.a3m	298.59
G_del_at_142	801.a3m	173.313
T_del_at_410	802.a3m	217.929
G_del_at_904	803.a3m	325.836
G_del_at_908	804.a3m	313.545
C_del_at_459	805.a3m	217.025
A_del_at_490	806.a3m	205.409
G_del_at_746	807.a3m	390.458
A_del_at_788	808.a3m	361.199
T_del_at_1180	809.a3m	390.727
C_del_at_221	80.a3m	167.291
G_del_at_492	810.a3m	210.31
T_del_at_93	811.a3m	44.1411
T_del_at_561	812.a3m	325.232
G_del_at_1181	813.a3m	389.193
T_del_at_103	814.a3m	43.801
T_del_at_77	815.a3m	43.7238
G_del_at_576	816.a3m	262.085
G_del_at_892	817.a3m	313.329
T_del_at_1092	818.a3m	317.01
G_del_at_350	819.a3m	172.857
A_del_at_18	81.a3m	10.6678
C_del_at_741	820.a3m	362.595
C_del_at_832	821.a3m	353.91
C_del_at_368	822.a3m	241.982
G_del_at_663	823.a3m	265.699
T_del_at_1042	824.a3m	329.422
A_del_at_308	825.a3m	174.058
G_del_at_121	826.a3m	39.119
G_del_at_542	827.a3m	341.416
C_del_at_1097	828.a3m	310.148
G_del_at_772	829.a3m	328.717
A_del_at_1118	82.a3m	427.317
G_del_at_1039	830.a3m	347.351
G_del_at_1000	831.a3m	303.134
C_del_at_735	832.a3m	264.629
C_del_at_777	833.a3m	353.337
C_del_at_413	834.a3m	233.059
G_del_at_612	835.a3m	350.66
T_del_at_21	836.a3m	13.079
G_del_at_1002	837.a3m	314.481
C_del_at_1014	838.a3m	316.616
C_del_at_532	839.a3m	342.168
A_del_at_703	83.a3m	262.321
C_del_at_843	840.a3m	309.826
G_del_at_198	841.a3m	173.842
A_del_at_1109	842.a3m	366.66
C_del_at_179	843.a3m	163.287
C_del_at_1112	844.a3m	425.995
A_del_at_950	845.a3m	304.018
A_del_at_43	846.a3m	48.8619
C_del_at_567	847.a3m	319.17
C_del_at_804	848.a3m	334.514
A_del_at_978	849.a3m	322.08
C_del_at_580	84.a3m	252.44
T_del_at_706	850.a3m	279.35
T_del_at_240	851.a3m	155.9
G_del_at_1068	852.a3m	325.818
T_del_at_218	853.a3m	174.954
A_del_at_113	854.a3m	50.7159
A_del_at_303	855.a3m	178.325
T_del_at_755	856.a3m	388.054
G_del_at_836	857.a3m	329.389
C_del_at_926	858.a3m	313.532
G_del_at_141	859.a3m	180.393
C_del_at_133	85.a3m	187.988
C_del_at_1123	860.a3m	385.918
A_del_at_1	861.a3m	17.3863
C_del_at_199	862.a3m	179.292
A_del_at_8	863.a3m	10.3608
C_del_at_1040	864.a3m	340.589
G_del_at_1071	865.a3m	301.396
C_del_at_382	866.a3m	258.24
G_del_at_205	867.a3m	157.881
C_del_at_393	868.a3m	227.606
T_del_at_389	869.a3m	263.624
G_del_at_510	86.a3m	220.25
G_del_at_848	870.a3m	321.514
A_del_at_1026	871.a3m	315.327
C_del_at_353	872.a3m	166.227
G_del_at_969	873.a3m	320.784
C_del_at_230	874.a3m	179.904
G_del_at_33	875.a3m	10.0123
A_del_at_155	876.a3m	183.49
C_del_at_883	877.a3m	301.869
T_del_at_136	878.a3m	200.971
G_del_at_349	879.a3m	171.885
G_del_at_960	87.a3m	313.828
A_del_at_231	880.a3m	169.734
A_del_at_727	881.a3m	273.081
A_del_at_301	882.a3m	184.25
C_del_at_844	883.a3m	283.073
T_del_at_721	884.a3m	269.804
G_del_at_442	885.a3m	238.154
G_del_at_556	886.a3m	286.618
A_del_at_377	887.a3m	238.592
C_del_at_22	888.a3m	14.0925
A_del_at_367	889.a3m	244.167
A_del_at_1094	88.a3m	313.2
G_del_at_4	890.a3m	14.8361
A_del_at_394	891.a3m	224.74
A_del_at_963	892.a3m	316.702
G_del_at_846	893.a3m	307.458
A_del_at_1051	894.a3m	326.572
A_del_at_508	895.a3m	190.695
A_del_at_14	896.a3m	11.2446
T_del_at_161	897.a3m	167.893
A_del_at_195	898.a3m	181.463
G_del_at_1054	899.a3m	335.138
C_del_at_223	89.a3m	160.62
C_del_at_486	8.a3m	219.515
C_del_at_216	900.a3m	172.503
C_del_at_1102	901.a3m	301.529
A_del_at_146	902.a3m	183.37
T_del_at_479	903.a3m	211.572
C_del_at_870	904.a3m	314.586
G_del_at_596	905.a3m	315.613
A_del_at_881	906.a3m	307.157
G_del_at_1177	907.a3m	363.171
C_del_at_942	908.a3m	321.635
C_del_at_574	909.a3m	338.746
T_del_at_1013	90.a3m	309.216
G_del_at_69	910.a3m	34.2548
T_del_at_982	911.a3m	327.457
A_del_at_397	912.a3m	235.147
C_del_at_1101	913.a3m	313.488
A_del_at_934	914.a3m	309.008
G_del_at_605	915.a3m	330.831
A_del_at_241	916.a3m	155.657
G_del_at_68	917.a3m	32.4739
C_del_at_930	918.a3m	299.708
C_del_at_693	919.a3m	301.653
C_del_at_988	91.a3m	307.21
C_del_at_466	920.a3m	241.508
C_del_at_222	921.a3m	162.412
T_del_at_808	922.a3m	356.833
C_del_at_53	923.a3m	53.1637
A_del_at_838	924.a3m	327.811
C_del_at_112	925.a3m	56.4993
C_del_at_172	926.a3m	181.706
A_del_at_954	927.a3m	301.01
A_del_at_416	928.a3m	237.495
G_del_at_456	929.a3m	218.705
T_del_at_645	92.a3m	298.738
A_del_at_168	930.a3m	163.785
C_del_at_388	931.a3m	211.982
A_del_at_391	932.a3m	246.188
A_del_at_484	933.a3m	217.867
C_del_at_266	934.a3m	159.047
A_del_at_1146	935.a3m	399.43
G_del_at_1089	936.a3m	324.793
G_del_at_826	937.a3m	348.39
G_del_at_312	938.a3m	159.268
A_del_at_539	939.a3m	345.121
C_del_at_925	93.a3m	311.15
G_del_at_1121	940.a3m	400.911
G_del_at_1066	941.a3m	325.453
C_del_at_213	942.a3m	173.28
G_del_at_644	943.a3m	282.499
G_del_at_473	944.a3m	218.123
G_del_at_314	945.a3m	160.935
A_del_at_854	946.a3m	315.89
G_del_at_12	947.a3m	13.3189
C_del_at_252	948.a3m	158.131
A_del_at_1124	949.a3m	391.725
C_del_at_1155	94.a3m	414.553
C_del_at_209	950.a3m	173.387
C_del_at_705	951.a3m	278.493
C_del_at_555	952.a3m	322.529
C_del_at_499	953.a3m	222.328
C_del_at_632	954.a3m	282.099
C_del_at_758	955.a3m	425.999
T_del_at_981	956.a3m	336.144
A_del_at_863	957.a3m	290.852
A_del_at_975	958.a3m	312.897
C_del_at_1130	959.a3m	420.945
G_del_at_475	95.a3m	216.982
T_del_at_324	960.a3m	166.21
A_del_at_599	961.a3m	289.389
T_del_at_150	962.a3m	199.437
T_del_at_989	963.a3m	321.022
G_del_at_522	964.a3m	355.982
A_del_at_500	965.a3m	218.396
C_del_at_1149	966.a3m	382.21
C_del_at_244	967.a3m	174.179
A_del_at_304	968.a3m	177.997
C_del_at_1137	969.a3m	397.773
C_del_at_90	96.a3m	45.4017
T_del_at_778	970.a3m	353.275
G_del_at_26	971.a3m	9.70573
A_del_at_929	972.a3m	311.967
T_del_at_584	973.a3m	340.103
C_del_at_265	974.a3m	162.653
A_del_at_583	975.a3m	249.232
T_del_at_737	976.a3m	369.378
C_del_at_525	977.a3m	366.849
T_del_at_177	978.a3m	164.528
C_del_at_414	979.a3m	230.692
A_del_at_852	97.a3m	331.186
G_del_at_42	980.a3m	52.1126
C_del_at_546	981.a3m	313.673
T_del_at_761	982.a3m	433.099
G_del_at_1083	983.a3m	308.83
C_del_at_692	984.a3m	303.603
A_del_at_174	985.a3m	171.388
C_del_at_13	986.a3m	13.8321
A_del_at_903	987.a3m	319.499
G_del_at_841	988.a3m	309.7
A_del_at_311	989.a3m	151.02
G_del_at_924	98.a3m	312.983
T_del_at_104	990.a3m	44.0841
T_del_at_398	991.a3m	227.294
A_del_at_1070	992.a3m	324.415
A_del_at_709	993.a3m	251.118
T_del_at_271	994.a3m	169.477
G_del_at_351	995.a3m	172.057
C_del_at_562	996.a3m	327.699
A_del_at_962	997.a3m	315.69
C_del_at_1003	998.a3m	312.981
C_del_at_1104	999.a3m	317.903
G_del_at_591	99.a3m	358.06
G_del_at_262	9.a3m	168.346
